{
  "farmersdelight:main/root": {
    "criteria": {
      "seeds": "2023-06-29 08:54:03 +0800"
    },
    "done": true
  },
  "tetra:upgrades/root": {
    "criteria": {
      "hammer": "2023-06-29 13:19:34 +0800"
    },
    "done": true
  },
  "tetra:upgrades/double_headed": {
    "criteria": {
      "hammer": "2023-06-29 13:19:34 +0800"
    },
    "done": true
  },
  "modonomicon:modonomicon/root": {
    "criteria": {
      "modonomicon_present": "2023-06-29 11:15:17 +0800"
    },
    "done": true
  },
  "tombstone:adventure/root": {
    "criteria": {
      "auto": "2023-06-29 08:47:43 +0800"
    },
    "done": true
  },
  "minecraft:adventure/kill_a_mob": {
    "criteria": {
      "minecraft:phantom": "2023-06-29 13:20:28 +0800"
    },
    "done": true
  },
  "minecraft:adventure/kill_all_mobs": {
    "criteria": {
      "minecraft:phantom": "2023-06-29 13:20:28 +0800"
    },
    "done": false
  },
  "mekanism:root": {
    "criteria": {
      "automatic": "2023-06-29 08:47:33 +0800"
    },
    "done": true
  },
  "tetra:story/more_upgrades": {
    "criteria": {
      "hammer": "2023-06-29 13:19:34 +0800"
    },
    "done": true
  },
  "minecraft:husbandry/balanced_diet": {
    "criteria": {
      "apple": "2023-06-29 13:20:12 +0800"
    },
    "done": false
  },
  "mekanism:fluid_tank": {
    "criteria": {
      "basic_fluid_tank": "2023-06-29 08:54:10 +0800"
    },
    "done": true
  },
  "tombstone:recipes/from_grave_key": {
    "criteria": {
      "has_ingredient": "2023-06-29 14:40:20 +0800"
    },
    "done": true
  },
  "minecraft:story/mine_stone": {
    "criteria": {
      "get_stone": "2023-06-29 09:04:44 +0800"
    },
    "done": true
  },
  "tetra:upgrades/repairs": {
    "criteria": {
      "hammer": "2023-06-29 13:19:34 +0800"
    },
    "done": true
  },
  "minecraft:adventure/adventuring_time": {
    "criteria": {
      "minecraft:beach": "2023-06-29 08:47:43 +0800"
    },
    "done": false
  },
  "tombstone:adventure/strong_or_careful": {
    "criteria": {
      "coded_trigger": "2023-06-29 14:40:18 +0800"
    },
    "done": true
  },
  "create:root": {
    "criteria": {
      "0": "2023-06-29 08:54:03 +0800"
    },
    "done": true
  },
  "minecraft:husbandry/root": {
    "criteria": {
      "consumed_item": "2023-06-29 13:20:12 +0800"
    },
    "done": true
  },
  "tetra:upgrades/tool_upgrade": {
    "criteria": {
      "hoe": "2023-06-29 17:18:14 +0800"
    },
    "done": true
  },
  "tombstone:adventure/first_knowledge": {
    "criteria": {
      "coded_trigger": "2023-06-29 14:40:18 +0800"
    },
    "done": true
  },
  "tombstone:adventure/first_grave": {
    "criteria": {
      "coded_trigger": "2023-06-29 14:40:18 +0800"
    },
    "done": true
  },
  "minecraft:story/root": {
    "criteria": {
      "crafting_table": "2023-06-29 18:00:08 +0800"
    },
    "done": true
  },
  "tetra:spelunking/root": {
    "criteria": {
      "spelunking": "2023-06-29 14:40:12 +0800"
    },
    "done": true
  },
  "tetra:upgrades/workbench": {
    "criteria": {
      "hammer": "2023-06-29 18:00:13 +0800"
    },
    "done": true
  },
  "minecraft:adventure/root": {
    "criteria": {
      "killed_something": "2023-06-29 13:20:28 +0800"
    },
    "done": true
  },
  "tetra:recipes/string": {
    "criteria": {
      "got_string": "2023-06-29 09:50:12 +0800"
    },
    "done": true
  },
  "tombstone:adventure/cancel_ghostly_shape": {
    "criteria": {
      "coded_trigger": "2023-06-29 14:40:29 +0800"
    },
    "done": true
  },
  "occultism:occultism/root": {
    "criteria": {
      "occultism_present": "2023-06-29 11:15:17 +0800"
    },
    "done": true
  },
  "tetra:recipes/workbench": {
    "criteria": {
      "hammer": "2023-06-29 18:00:13 +0800"
    },
    "done": true
  },
  "DataVersion": 3120
}