{"stats":{"minecraft:picked_up":{"occultism:golden_sacrificial_bowl":5,"occultism:datura_seeds":5,"occultism:chalk_white":3,"minecraft:structure_block":1,"exnihilosequentia:witch_water_bucket":2,"minecraft:oak_log":7,"minecraft:polished_deepslate":1,"minecraft:dirt":4,"create:limestone":4,"minecraft:apple":2,"occultism:chalk_white_impure":1,"minecraft:bucket":1,"clickmachine:auto_clicker":4,"occultism:dictionary_of_spirits":1,"minecraft:beehive":1,"minecraft:stick":1,"occultism:sacrificial_bowl":9,"minecraft:stone":3,"occultism:ritual_dummy/craft_miner_foliot_unspecialized":1,"minecraft:amethyst_shard":1,"minecraft:grass_block":4,"exnihilosequentia:silkworm":1,"woodenbucket:wooden_bucket":36,"minecraft:dispenser":1,"cyclic:packager":1,"thermal:device_tree_extractor":1,"occultism:datura":4,"minecraft:oak_sapling":2,"minecraft:white_wool":1,"minecraft:cobblestone":127},"minecraft:crafted":{"minecraft:oak_slab":4,"ilikewood:oak_post":1,"minecraft:crafting_table":2,"minecraft:cobbled_deepslate":33,"minecraft:furnace":1,"minecraft:light_gray_wool":1,"cyclic:solidifier":1,"minecraft:air":0,"exnihilosequentia:oak_sieve":1,"minecraft:dispenser":3,"occultism:brush":1,"exnihilosequentia:stone_crook":1,"create:millstone":1,"compressium:cobblestone_1":2,"woodenbucket:wooden_bucket":4,"minecraft:fire_charge":1,"tetra:modular_double":1,"tetra:basic_workbench":1,"exnihilosequentia:string_mesh":1,"cyclic:hopper":1},"minecraft:custom":{"minecraft:interact_with_furnace":17,"minecraft:mob_kills":2,"minecraft:inspect_hopper":4,"minecraft:interact_with_crafting_table":2,"minecraft:interact_with_stonecutter":5,"minecraft:leave_game":11,"minecraft:time_since_death":220514,"minecraft:time_since_rest":220539,"minecraft:sprint_one_cm":42733,"minecraft:damage_taken":310,"minecraft:walk_one_cm":368237,"minecraft:drop":82,"minecraft:damage_dealt":12,"minecraft:fly_one_cm":87467,"minecraft:open_chest":11,"minecraft:crouch_one_cm":13962,"minecraft:play_time":416526,"minecraft:deaths":1,"minecraft:sneak_time":4056,"minecraft:jump":1421,"minecraft:walk_on_water_one_cm":128,"minecraft:total_world_time":761736,"minecraft:fall_one_cm":59863},"minecraft:dropped":{"occultism:datura":5,"create:millstone":2,"occultism:sacrificial_bowl":4,"minecraft:crafting_table":1,"minecraft:structure_block":1,"occultism:ritual_dummy/craft_miner_foliot_unspecialized":1,"occultism:brush":1,"woodenbucket:wooden_bucket":45,"minecraft:dispenser":1,"cyclic:crusher":1,"occultism:golden_sacrificial_bowl":4,"create:limestone":3,"occultism:dictionary_of_spirits":1,"minecraft:stone_pressure_plate":1,"exnihilosequentia:witch_water_bucket":2,"compressium:cobblestone_1":1,"thermal:resin_bucket":1,"occultism:chalk_white_impure":2,"immersiveengineering:seed":1,"minecraft:oak_leaves":1,"minecraft:bucket":1,"minecraft:polished_deepslate":2},"minecraft:mined":{"occultism:spirit_fire":1,"minecraft:grass_block":4,"minecraft:beehive":1,"thermal:device_tree_extractor":1,"minecraft:oak_log":7,"minecraft:oak_leaves":57},"minecraft:used":{"minecraft:water_bucket":1,"cyclic:hopper_fluid":1,"cyclic:solidifier":2,"minecraft:dispenser":2,"occultism:datura_seeds":1,"ilikewood:oak_sawmill":1,"mekanism:basic_fluid_tank":1,"minecraft:chest":4,"exnihilosequentia:stone_crook":4,"exnihilosequentia:oak_sieve":1,"woodenhopper:wooden_hopper":4,"exnihilosequentia:stone_barrel":3,"minecraft:stonecutter":1,"minecraft:structure_block":8,"exnihilosequentia:witch_water_bucket":1,"minecraft:white_wool":3,"minecraft:dirt":19,"minecraft:crafting_table":2,"occultism:spirit_fire":2,"mekanism:creative_fluid_tank":3,"occultism:sacrificial_bowl":4,"tetra:modular_double":9,"cyclic:hopper":2,"minecraft:beehive":1,"occultism:brush":43,"minecraft:oak_log":2,"thermal:device_tree_extractor":2,"minecraft:black_wool":52,"minecraft:apple":1,"chipped:glassblower":16,"minecraft:grass_block":4,"create:millstone":1,"minecraft:yellow_wool":4,"minecraft:light_gray_wool":42,"minecraft:fire_charge":1,"occultism:candle_white":4,"minecraft:cobblestone":140,"occultism:chalk_white":63,"minecraft:oak_sapling":2,"minecraft:furnace":1,"tetra:basic_workbench":1,"minecraft:bucket":2,"occultism:golden_sacrificial_bowl":1,"cyclic:packager":3,"minecraft:cobbled_deepslate":5,"minecraft:gray_wool":1}},"DataVersion":3120}