{"stats":{"minecraft:used":{"electrodynamics:batterybox":5,"cgm:machine_pistol":222,"minecraft:polished_deepslate":1,"pneumaticcraft:air_compressor":2,"cyclic:solidifier":5,"mekanism:painting_machine":1,"trashcans:item_trash_can":1,"mekanism:basic_fluid_tank":1,"minecraft:chest":11,"minecraft:stone":6,"emendatusenigmatica:copper_bucket":3,"create:haunted_bell":1,"mekanism:basic_logistical_transporter":4,"assemblylinemachines:novasteel_sword":6,"immersiveengineering:craftingtable":1,"mekanismgenerators:rotational_complex":3,"minecraft:soul_sand":8,"mekanism:basic_mechanical_pipe":3,"mekanism:ultimate_pressurized_tube":6,"create:cogwheel":7,"exnihilosequentia:cooked_silkworm":15,"occultism:sacrificial_bowl":8,"occultism:chalk_gold":5,"immersiveengineering:cokebrick":27,"mekanism:chemical_injection_chamber":3,"mekanism:basic_energy_cube":3,"immersiveengineering:windmill":2,"cgm:shotgun":99,"minecraft:grass_block":3,"constructionwand:infinity_wand":6,"assemblylinemachines:electric_grinder":1,"electrodynamics:wireinsulatedgold":2,"trashcans:liquid_trash_can":1,"occultism:chalk_white":35,"cyclic:melter":3,"cyclic:collector":5,"minecraft:oak_sapling":14,"minecraft:furnace":1,"clickmachine:auto_clicker":2,"assemblylinemachines:electric_furnace":1,"cgm:heavy_rifle":35,"mekanism:ultimate_mechanical_pipe":4,"powah:solar_panel_starter":1,"occultism:datura_seeds":1,"minecraft:redstone_block":1,"exnihilosequentia:stone_barrel":2,"exnihilosequentia:oak_sieve":4,"cyclic:soundproofing_ghost":3,"cyclic:placer":1,"pneumaticcraft:thermopneumatic_processing_plant":2,"trashcans:ultimate_trash_can":1,"minecraft:sand":1,"chiselsandbits:bit_storage":1,"electrodynamics:wiregold":5,"minecraft:blast_furnace":2,"mekanism:pigment_mixer":1,"tetra:modular_double":35,"cgm:bazooka":5,"thermal:machine_pyrolyzer":4,"thermal:device_tree_extractor":1,"immersiveengineering:hammer":1,"mekanism:logistical_sorter":7,"cyclic:breaker":1,"tinyredstone:redstone_wrench":6,"mekanism:rotary_condensentrator":2,"cgm:assault_rifle":124,"occultism:spirit_attuned_crystal":5,"create:andesite_casing":1,"minecraft:gravel":53,"mekanism:ultimate_logistical_transporter":37,"minecraft:fire_charge":1,"create:basin":3,"progressthroughskies:bedrock_gravel":116,"mekanismgenerators:solar_generator":1,"mekanism:ultimate_energy_cube":1,"electrodynamics:electricarcfurnace":1,"create:andesite_scaffolding":3,"exmachinis:flux_sieve":2,"exnihilosequentia:silkworm":1,"minecraft:white_concrete":1,"chipped:carpenters_table":2,"cgm:mini_gun":446,"mekanism:creative_chemical_tank":4,"storagedrawers:oak_full_drawers_1":6,"minecraft:iron_bars":26,"chipped:tinkering_table":1,"industrialforegoing:resourceful_furnace":1,"mekanism:configurator":128,"minecraft:redstone":4,"mekanism:ultimate_injecting_factory":1,"ilikewood:oak_sawmill":3,"powah:solar_panel_nitro":1,"tinyredstone:redstone_panel":13,"minecraft:dirt":78,"chiselsandbits:chiseledrock":1,"exmachinis:flux_compactor":1,"create:mechanical_mixer":1,"pneumaticcraft:electrostatic_compressor":3,"botania:stripped_dreamwood_log":1,"cgm:rifle":5,"mekanism:osmium_compressor":1,"mekanism:ultimate_fluid_tank":2,"immersiveengineering:circuit_table":1,"minecraft:dark_oak_planks":1,"immersiveengineering:workbench":3,"mob_grinding_utils:rotten_egg":2,"chipped:glassblower":1,"cyclic:soundproofing":7,"extractinator:extractinator":1,"create:creative_motor":6,"cgm:grenade_launcher":12,"createaddition:tesla_coil":2,"integrateddynamics:mechanical_drying_basin":7,"dynamicelectricity:motordclv":2,"tombstone:gift":21,"mekanism:pressurized_reaction_chamber":1,"minecraft:cobbled_deepslate":1,"thermal:device_collector":2,"minecraft:water_bucket":3,"electrodynamics:windmill":1,"cgm:pistol":12,"mekanism:ultimate_universal_cable":9,"mekanismgenerators:bio_generator":1,"cgm:stun_grenade":45,"exnihilosequentia:stone_crook":103,"integrateddynamics:drying_basin":1,"minecraft:stonecutter":2,"mekanism:chemical_infuser":1,"minecraft:polished_blackstone_pressure_plate":1,"electrodynamics:wiremilltriple":1,"create:encased_fan":1,"chipped:mason_table":2,"minecraft:oak_slab":441,"minecraft:crafting_table":2,"electrodynamics:electricfurnace":2,"minecraft:campfire":1,"minecraft:white_bed":1,"occultism:datura":1,"botania:apothecary_default":1,"mekanism:creative_energy_cube":1,"minecraft:oak_log":32,"minecraft:mud":1,"createaddition:alternator":1,"minecraft:apple":16,"cgm:grenade":15,"create:water_wheel":1,"kubejs:dusted_water_bucket":4,"create:large_water_wheel":4,"occultism:candle_white":6,"thermal:machine_crafter":1,"minecraft:cobblestone":3,"chipped:cobbled_blackstone":2,"minecraft:bucket":6,"occultism:golden_sacrificial_bowl":2,"cyclic:packager":2,"create:hand_crank":2},"minecraft:picked_up":{"minecraft:lead":2,"minecraft:polished_deepslate":3,"minecraft:string":172,"quark:paper_wall_big":1,"create:limestone":1,"minecraft:cobbled_deepslate":1,"clickmachine:auto_clicker":1,"mekanism:ultimate_mechanical_pipe":2,"mekanism:logistical_sorter":4,"minecraft:stick":25,"tinyredstone:tiny_super_repeater":1,"tinyredstone:redstone_panel":24,"tombstone:grave_dust":7,"woodenbucket:wooden_bucket":13,"minecraft:rotten_flesh":32,"ilikewood:oak_sawmill":2,"occultism:datura":2,"exnihilosequentia:stone_crook":1,"minecraft:cobblestone":100,"emendatusenigmatica:copper_shard":17,"occultism:golden_sacrificial_bowl":1,"occultism:datura_seeds":7,"minecraft:feather":2,"minecraft:andesite":4,"tinyredstone:tiny_lever":2,"exnihilosequentia:string_mesh":1,"minecraft:flint":3,"trashcans:item_trash_can":1,"minecraft:dirt":112,"minecraft:bone":13,"occultism:chalk_white_impure":1,"emendatusenigmatica:gold_dirty_dust":1,"trashcans:ultimate_trash_can":1,"cyclic:soundproofing":5,"integrateddynamics:mechanical_drying_basin":2,"mekanism:ultimate_fluid_tank":1,"tetra:modular_double":1,"immersiveengineering:connector_redstone":1,"minecraft:grass_block":3,"tinygates:tiny_clock":3,"exnihilosequentia:silkworm":39,"progressthroughskies:sand_dust":110,"minecraft:bundle":1,"mekanism:basic_mechanical_pipe":2,"mekanism:dirty_dust_gold":1,"minecraft:oak_sapling":41,"tinyredstone:tiny_comparator":4,"minecraft:crafting_table":1,"occultism:chalk_white":1,"minecraft:chicken":1,"minecraft:clay_ball":81,"cyclic:collector":3,"cyclic:melter":2,"electrodynamics:windmill":1,"cyclic:soundproofing_ghost":3,"minecraft:chest":6,"chipped:mason_table":1,"minecraft:stone":1,"occultism:chalk_gold":1,"create:hand_crank":1,"minecraft:redstone":135,"minecraft:stone_pressure_plate":16,"minecraft:arrow":5,"mekanism:ultimate_logistical_transporter":14,"tombstone:essence_of_undeath":1,"cyclic:breaker":3,"progressthroughskies:bedrock_dust":1740,"minecraft:white_wool":5,"integrateddynamics:on_the_dynamics_of_integration":1,"minecraft:leather":4,"thermal:device_collector":2,"minecraft:oak_log":84,"minecraft:gunpowder":12,"minecraft:paper":3,"progressthroughskies:bedrock_gravel":122,"minecraft:apple":6,"tinyredstone:tiny_piston":1,"minecraft:glass_bottle":1,"minecraft:soul_sand":1,"minecraft:oak_slab":90,"progressthroughskies:gravel_dust":444,"chiselsandbits:chiseledrock":1,"chipped:cobbled_blackstone":1,"occultism:sacrificial_bowl":5,"tinyredstone:tiny_redstone_torch":4,"cyclic:solidifier":4,"minecraft:gravel":64,"tinyredstone:tiny_repeater":1,"minecraft:amethyst_shard":4,"minecraft:blast_furnace":1,"minecraft:spider_eye":5,"exnihilosequentia:cooked_silkworm":16,"morphtool:tool":3,"tinyredstone:tiny_redstone":63,"minecraft:slime_ball":2,"cyclic:packager":2,"immersiveengineering:wirecoil_redstone":1,"minecraft:gray_wool":1,"minecraft:ender_pearl":1},"minecraft:crafted":{"mekanism:configurator":1,"mekanism:ultimate_mechanical_pipe":2,"minecraft:sand":26,"tinygates:tiny_clock":1,"minecraft:stone":3,"ilikewood:oak_sawmill":1,"mekanism:logistical_sorter":2,"tinyredstone:tiny_lever":2,"exnihilosequentia:stone_barrel":1,"cyclic:melter":2,"trashcans:ultimate_trash_can":1,"minecraft:glass":17,"tinyredstone:tiny_comparator":1,"occultism:brush":1,"mekanism:ultimate_logistical_transporter":1,"mekanism:ultimate_universal_cable":1,"exnihilosequentia:stone_crook":4,"minecraft:stone_pressure_plate":44,"tinyredstone:tiny_redstone":84,"minecraft:chest":8,"chipped:mason_table":1,"mekanism:ultimate_pressurized_tube":1,"minecraft:oak_slab":12,"ilikewood:oak_post":2,"minecraft:crafting_table":4,"tinyredstone:redstone_wrench":1,"minecraft:gravel":27,"progressthroughskies:bedrock_gravel":174,"storagedrawers:oak_full_drawers_1":1,"create:sand_paper":1,"chipped:carpenters_table":1,"minecraft:campfire":1,"minecraft:dispenser":1,"minecraft:paper":6,"woodenbucket:wooden_bucket":4,"minecraft:fire_charge":1,"cyclic:hopper":1,"morphtool:tool":2,"minecraft:redstone":2,"tinygates:tiny_counter":1,"minecraft:cobbled_deepslate":35,"tinyredstone:redstone_panel":33,"minecraft:furnace":1,"minecraft:blast_furnace":1,"minecraft:light_gray_wool":4,"cyclic:solidifier":1,"progressthroughskies:rain_wand":3,"exnihilosequentia:oak_sieve":1,"tinyredstone:tiny_repeater":1,"chipped:tinkering_table":1,"tinyredstone:tiny_solid_block":9,"tetra:modular_double":3,"compressium:gravel_1":2,"trashcans:liquid_trash_can":1,"minecraft:air":133,"ilikewood:oak_log_pile":2,"compressium:sand_1":2,"minecraft:cobblestone":1,"storagedrawers:void_upgrade":1,"compressium:cobblestone_1":2,"thermal:device_tree_extractor":2,"minecraft:stonecutter":1,"minecraft:white_bed":1,"mekanism:ultimate_thermodynamic_conductor":1,"create:shaft":9,"tinyredstone:tiny_redstone_torch":1,"chipped:glassblower":1,"exnihilosequentia:string_mesh":1},"minecraft:mined":{"thermal:device_collector":2,"minecraft:grass_block":3,"cyclic:soundproofing":5,"progressthroughskies:bedrock_gravel":115,"minecraft:cobbled_deepslate":1,"cyclic:melter":2,"trashcans:ultimate_trash_can":1,"minecraft:blast_furnace":1,"minecraft:chest":5,"minecraft:cobblestone":2,"minecraft:oak_log":84,"cyclic:soundproofing_ghost":3,"minecraft:dirt":19,"minecraft:oak_leaves":445,"exnihilosequentia:infested_leaves":44,"trashcans:item_trash_can":1,"chipped:mason_table":1,"cyclic:collector":3,"mekanism:basic_mechanical_pipe":2,"ilikewood:oak_sawmill":2,"minecraft:redstone_wire":4,"cyclic:solidifier":4,"mekanism:ultimate_mechanical_pipe":2,"minecraft:polished_deepslate":1,"mekanism:logistical_sorter":4,"minecraft:oak_slab":8,"mekanism:ultimate_fluid_tank":1,"cyclic:packager":1,"exnihilosequentia:stone_barrel":1,"tetra:basic_workbench":1,"minecraft:gravel":53,"mekanism:ultimate_logistical_transporter":13},"minecraft:dropped":{"exnihilosequentia:stone_barrel":1,"minecraft:crafting_table":1,"trashcans:ultimate_trash_can":1,"minecraft:dirt":1,"cyclic:soundproofing_ghost":1,"trashcans:liquid_trash_can":1,"theoneprobe:probenote":1,"exmachinis:flux_compactor":1,"progressthroughskies:bedrock_gravel":279,"minecraft:white_wool":1,"integrateddynamics:mechanical_drying_basin":1,"chiselsandbits:block_bit":706,"trashcans:item_trash_can":1,"progressthroughskies:gravel_dust":96,"minecraft:gravel":7,"minecraft:cobbled_deepslate":1,"tinyredstone:redstone_panel":2,"mekanism:ultimate_logistical_transporter":1,"cyclic:soundproofing":1,"cyclic:breaker":5,"mekanism:ultimate_mechanical_pipe":1,"occultism:chalk_gold_impure":1,"minecraft:chest":1,"create:limestone":1,"cyclic:collector":1,"mekanism:logistical_sorter":1,"cyclic:melter":1,"minecraft:enchanted_book":3,"morphtool:tool":3,"minecraft:oak_slab":2,"occultism:datura":1,"minecraft:cobblestone":1,"thermal:device_tree_extractor":1,"minecraft:stick":1,"minecraft:polished_andesite":2,"trashcans:energy_trash_can":1,"minecraft:gray_wool":1,"tinyredstone:tiny_redstone":1,"mekanism:ultimate_thermodynamic_conductor":1,"minecraft:polished_deepslate":3,"chipped:mason_table":2,"occultism:sacrificial_bowl":2,"mekanism:configurator":1,"mekanism:dirty_dust_gold":2,"mekanism:ultimate_pressurized_tube":1,"thermal:device_collector":3,"theoneprobe:probe":1,"woodenbucket:wooden_bucket":13,"minecraft:stone":4,"progressthroughskies:bedrock_dust":895,"minecraft:andesite":2,"minecraft:stone_pressure_plate":5,"chipped:tinkering_table":1,"occultism:chalk_white_impure":1,"mekanism:ultimate_universal_cable":1,"emendatusenigmatica:copper_bucket":1},"minecraft:killed":{"minecraft:witch":10,"minecraft:spider":11,"minecraft:skeleton":9,"minecraft:chicken":1,"minecraft:skeleton_horse":4,"minecraft:zombie_villager":30,"minecraft:creeper":8,"minecraft:trader_llama":2,"minecraft:zombie":26,"minecraft:slime":8,"minecraft:wandering_trader":1,"minecraft:enderman":2},"minecraft:custom":{"minecraft:interact_with_crafting_table":14,"minecraft:bell_ring":2,"minecraft:leave_game":55,"minecraft:time_since_death":145654,"minecraft:sprint_one_cm":214651,"minecraft:drop":131,"minecraft:talked_to_villager":2,"minecraft:play_time":1289641,"minecraft:deaths":2,"minecraft:jump":6408,"minecraft:walk_on_water_one_cm":16784,"minecraft:interact_with_furnace":26,"minecraft:sleep_in_bed":18,"minecraft:damage_dealt":801,"minecraft:crouch_one_cm":57365,"tombstone:undead_killed":69,"tombstone:villager_killed":1,"minecraft:mob_kills":112,"minecraft:interact_with_campfire":20,"minecraft:climb_one_cm":214,"minecraft:walk_one_cm":1346898,"minecraft:sneak_time":25448,"minecraft:walk_under_water_one_cm":6965,"minecraft:interact_with_blast_furnace":11,"minecraft:total_world_time":1926332,"tombstone:raider_killed":10,"minecraft:interact_with_stonecutter":11,"minecraft:time_since_rest":145679,"minecraft:damage_taken":1540,"minecraft:use_wand":93,"minecraft:fly_one_cm":405768,"minecraft:open_chest":71,"minecraft:fall_one_cm":282946},"minecraft:broken":{"woodenbucket:wooden_bucket":1,"create:sand_paper":1}},"DataVersion":3120}