{"stats":{"minecraft:mined":{"thermal:device_collector":2,"chipped:mason_table":1,"cyclic:collector":1,"minecraft:grass_block":3,"minecraft:redstone_wire":3,"cyclic:solidifier":2,"progressthroughskies:bedrock_gravel":82,"cyclic:melter":1,"minecraft:oak_slab":6,"minecraft:blast_furnace":1,"minecraft:oak_log":82,"minecraft:gravel":46,"minecraft:dirt":6,"minecraft:oak_leaves":445,"exnihilosequentia:infested_leaves":44},"minecraft:custom":{"minecraft:interact_with_crafting_table":12,"minecraft:interact_with_campfire":20,"minecraft:leave_game":1,"minecraft:time_since_death":167290,"minecraft:sprint_one_cm":10186,"minecraft:walk_one_cm":185656,"minecraft:drop":61,"minecraft:play_time":167290,"minecraft:sneak_time":8526,"minecraft:walk_under_water_one_cm":1207,"minecraft:jump":665,"minecraft:interact_with_blast_furnace":7,"minecraft:walk_on_water_one_cm":5688,"minecraft:total_world_time":199934,"minecraft:interact_with_furnace":6,"minecraft:interact_with_stonecutter":6,"minecraft:sleep_in_bed":10,"minecraft:time_since_rest":9779,"minecraft:damage_taken":660,"minecraft:fly_one_cm":14836,"minecraft:crouch_one_cm":20744,"minecraft:fall_one_cm":10717},"minecraft:picked_up":{"occultism:chalk_white":1,"cyclic:collector":1,"minecraft:string":167,"quark:paper_wall_big":1,"cyclic:melter":1,"create:limestone":1,"clickmachine:auto_clicker":1,"chipped:mason_table":1,"minecraft:stick":22,"minecraft:stone":1,"tinyredstone:redstone_panel":2,"minecraft:redstone":67,"woodenbucket:wooden_bucket":12,"occultism:datura":2,"minecraft:white_wool":4,"progressthroughskies:bedrock_dust":1271,"occultism:golden_sacrificial_bowl":1,"occultism:datura_seeds":7,"minecraft:andesite":4,"thermal:device_collector":2,"exnihilosequentia:string_mesh":1,"minecraft:flint":3,"minecraft:oak_log":82,"minecraft:dirt":36,"minecraft:apple":6,"occultism:chalk_white_impure":1,"progressthroughskies:gravel_dust":245,"minecraft:oak_slab":4,"occultism:sacrificial_bowl":5,"tinyredstone:tiny_redstone_torch":3,"cyclic:solidifier":2,"minecraft:gravel":43,"minecraft:amethyst_shard":4,"minecraft:blast_furnace":1,"minecraft:grass_block":3,"exnihilosequentia:cooked_silkworm":16,"exnihilosequentia:silkworm":39,"progressthroughskies:sand_dust":84,"morphtool:tool":1,"tinyredstone:tiny_redstone":14,"cyclic:packager":1,"minecraft:oak_sapling":41},"minecraft:crafted":{"minecraft:redstone":2,"minecraft:cobbled_deepslate":4,"tinyredstone:redstone_panel":2,"mekanism:ultimate_mechanical_pipe":1,"minecraft:sand":20,"minecraft:furnace":1,"minecraft:light_gray_wool":4,"minecraft:blast_furnace":1,"minecraft:stone":3,"ilikewood:oak_sawmill":1,"mekanism:logistical_sorter":1,"cyclic:solidifier":1,"progressthroughskies:rain_wand":3,"exnihilosequentia:oak_sieve":1,"exnihilosequentia:stone_barrel":1,"cyclic:melter":2,"minecraft:glass":11,"occultism:brush":1,"mekanism:ultimate_logistical_transporter":1,"mekanism:ultimate_universal_cable":1,"exnihilosequentia:stone_crook":4,"minecraft:stone_pressure_plate":13,"tinyredstone:tiny_redstone":36,"chipped:tinkering_table":1,"tetra:modular_double":2,"chipped:mason_table":1,"compressium:gravel_1":2,"mekanism:ultimate_pressurized_tube":1,"minecraft:oak_slab":2,"ilikewood:oak_post":1,"minecraft:crafting_table":3,"tinyredstone:redstone_wrench":1,"minecraft:gravel":27,"progressthroughskies:bedrock_gravel":142,"create:sand_paper":1,"chipped:carpenters_table":1,"minecraft:campfire":1,"minecraft:air":0,"minecraft:dispenser":1,"ilikewood:oak_log_pile":2,"compressium:sand_1":2,"minecraft:paper":3,"minecraft:cobblestone":1,"thermal:device_tree_extractor":1,"compressium:cobblestone_1":2,"minecraft:stonecutter":1,"minecraft:white_bed":1,"woodenbucket:wooden_bucket":3,"mekanism:ultimate_thermodynamic_conductor":1,"minecraft:fire_charge":1,"chipped:glassblower":1,"exnihilosequentia:string_mesh":1,"morphtool:tool":2},"minecraft:broken":{"woodenbucket:wooden_bucket":1},"minecraft:used":{"chipped:tinkering_table":1,"cyclic:solidifier":3,"minecraft:redstone":3,"ilikewood:oak_sawmill":1,"tinyredstone:redstone_panel":3,"minecraft:dirt":26,"exnihilosequentia:cooked_silkworm":15,"occultism:sacrificial_bowl":4,"chipped:glassblower":1,"minecraft:grass_block":3,"cyclic:melter":2,"cyclic:collector":2,"occultism:chalk_white":20,"minecraft:furnace":1,"minecraft:oak_sapling":14,"clickmachine:auto_clicker":1,"thermal:device_collector":2,"occultism:datura_seeds":1,"exnihilosequentia:stone_crook":100,"exnihilosequentia:stone_barrel":1,"exnihilosequentia:oak_sieve":1,"minecraft:stonecutter":1,"minecraft:oak_slab":153,"minecraft:crafting_table":1,"chipped:mason_table":2,"minecraft:blast_furnace":2,"tetra:modular_double":3,"minecraft:campfire":1,"minecraft:white_bed":1,"occultism:datura":1,"minecraft:oak_log":26,"thermal:device_tree_extractor":1,"minecraft:apple":5,"tinyredstone:redstone_wrench":2,"minecraft:gravel":46,"occultism:candle_white":4,"progressthroughskies:bedrock_gravel":82,"occultism:golden_sacrificial_bowl":1,"cyclic:packager":1,"exnihilosequentia:silkworm":1,"chipped:carpenters_table":2},"minecraft:dropped":{"minecraft:oak_slab":1,"occultism:datura":1,"minecraft:crafting_table":1,"minecraft:cobblestone":1,"thermal:device_tree_extractor":1,"minecraft:stick":1,"minecraft:polished_andesite":2,"minecraft:dirt":1,"tinyredstone:tiny_redstone":1,"mekanism:ultimate_thermodynamic_conductor":1,"minecraft:polished_deepslate":1,"progressthroughskies:gravel_dust":64,"chipped:mason_table":2,"occultism:sacrificial_bowl":1,"mekanism:ultimate_pressurized_tube":1,"thermal:device_collector":3,"mekanism:ultimate_logistical_transporter":1,"mekanism:ultimate_mechanical_pipe":1,"woodenbucket:wooden_bucket":13,"minecraft:stone":4,"progressthroughskies:bedrock_dust":639,"minecraft:andesite":2,"create:limestone":1,"cyclic:collector":1,"mekanism:logistical_sorter":1,"minecraft:stone_pressure_plate":5,"chipped:tinkering_table":1,"occultism:chalk_white_impure":1,"cyclic:melter":1,"mekanism:ultimate_universal_cable":1}},"DataVersion":3120}