{
  "tombstone:adventure/neighborhood_brawl": {
    "criteria": {
      "coded_trigger": "2023-07-05 21:40:45 +0800"
    },
    "done": true
  },
  "mekanism:fluid_transport": {
    "criteria": {
      "basic_mechanical_pipe": "2023-07-01 11:36:33 +0800"
    },
    "done": true
  },
  "simplyswords:sunfire": {
    "criteria": {
      "requirement": "2023-07-10 15:37:02 +0800"
    },
    "done": true
  },
  "compactvoidminers:void_pump": {
    "criteria": {
      "void_pump": "2023-07-05 10:48:10 +0800"
    },
    "done": true
  },
  "tetra:upgrades/root": {
    "criteria": {
      "hammer": "2023-06-30 16:18:52 +0800"
    },
    "done": true
  },
  "modonomicon:modonomicon/root": {
    "criteria": {
      "modonomicon_present": "2023-06-30 16:05:29 +0800"
    },
    "done": true
  },
  "create:wrench_goggles": {
    "criteria": {
      "0": "2023-07-09 11:46:45 +0800",
      "1": "2023-07-05 19:10:55 +0800"
    },
    "done": true
  },
  "mekanism:sawmill": {
    "criteria": {
      "precision_sawmill": "2023-07-10 18:21:44 +0800"
    },
    "done": true
  },
  "tombstone:adventure/ashes_and_bones": {
    "criteria": {
      "coded_trigger": "2023-07-05 21:45:17 +0800"
    },
    "done": true
  },
  "simplyswords:arcanethyst": {
    "criteria": {
      "requirement": "2023-07-10 17:37:09 +0800"
    },
    "done": true
  },
  "immersiveengineering:tools/tools_root": {
    "criteria": {
      "has_item": "2023-07-03 21:20:31 +0800"
    },
    "done": true
  },
  "create:andesite_alloy": {
    "criteria": {
      "0": "2023-07-05 18:32:11 +0800"
    },
    "done": true
  },
  "electrodynamics:advancedsolarpanel": {
    "criteria": {
      "HasPanel": "2023-07-11 18:26:26 +0800"
    },
    "done": true
  },
  "chiselsandbits:chiselsandbits/collect_bits": {
    "criteria": {
      "bit_bag": "2023-07-05 19:16:51 +0800"
    },
    "done": true
  },
  "create:mechanical_mixer": {
    "criteria": {
      "0": "2023-07-05 19:03:44 +0800"
    },
    "done": true
  },
  "tetra:upgrades/repairs": {
    "criteria": {
      "hammer": "2023-06-30 16:18:52 +0800"
    },
    "done": true
  },
  "create:water_wheel": {
    "criteria": {
      "0": "2023-07-06 17:16:32 +0800"
    },
    "done": true
  },
  "electrodynamics:highlyinsulatedwiring": {
    "criteria": {
      "HasWire": "2023-07-11 18:37:42 +0800"
    },
    "done": true
  },
  "pneumaticcraft:air_compressor": {
    "criteria": {
      "0": "2023-07-05 14:52:54 +0800"
    },
    "done": true
  },
  "mekanism:energy_cube": {
    "criteria": {
      "basic_energy_cube": "2023-07-03 23:20:40 +0800"
    },
    "done": true
  },
  "simplyswords:grant_book_on_first_join": {
    "criteria": {
      "tick": "2023-07-10 15:26:22 +0800"
    },
    "done": true
  },
  "minecraft:nether/obtain_ancient_debris": {
    "criteria": {
      "ancient_debris": "2023-07-11 18:21:44 +0800"
    },
    "done": true
  },
  "simplyswords:sword_on_a_stick": {
    "criteria": {
      "requirement": "2023-07-10 15:36:47 +0800"
    },
    "done": true
  },
  "simplyswords:emberblade": {
    "criteria": {
      "requirement": "2023-07-10 15:42:03 +0800"
    },
    "done": true
  },
  "tetra:spelunking/root": {
    "criteria": {
      "spelunking": "2023-07-01 14:15:10 +0800"
    },
    "done": true
  },
  "simplyswords:livyatan": {
    "criteria": {
      "requirement": "2023-07-10 15:44:59 +0800"
    },
    "done": true
  },
  "mekanism:plenisher": {
    "criteria": {
      "fluidic_plenisher": "2023-07-10 18:22:14 +0800"
    },
    "done": true
  },
  "mekanismgenerators:solar_generator": {
    "criteria": {
      "solar_generator": "2023-07-04 13:43:19 +0800"
    },
    "done": true
  },
  "simplyswords:runic_weapon": {
    "criteria": {
      "requirement": "2023-07-10 15:33:02 +0800"
    },
    "done": true
  },
  "simplyswords:soulrender": {
    "criteria": {
      "requirement": "2023-07-10 15:41:54 +0800"
    },
    "done": true
  },
  "tombstone:adventure/cancel_ghostly_shape": {
    "criteria": {
      "coded_trigger": "2023-07-08 12:12:39 +0800"
    },
    "done": true
  },
  "exmachinis:flux_compactor": {
    "criteria": {
      "has_flux_compactor": "2023-07-05 21:19:09 +0800"
    },
    "done": true
  },
  "exmachinis:flux_sieve": {
    "criteria": {
      "has_flux_sieve": "2023-07-05 21:17:44 +0800"
    },
    "done": true
  },
  "simplyswords:soulstealer": {
    "criteria": {
      "requirement": "2023-07-10 15:32:52 +0800"
    },
    "done": true
  },
  "tetra:upgrades/double_headed": {
    "criteria": {
      "hammer": "2023-06-30 16:18:52 +0800"
    },
    "done": true
  },
  "immersiveengineering:main/creosote": {
    "criteria": {
      "has_item": "2023-07-03 21:53:33 +0800"
    },
    "done": true
  },
  "simplyswords:stormbringer": {
    "criteria": {
      "requirement": "2023-07-10 15:37:12 +0800"
    },
    "done": true
  },
  "tombstone:adventure/root": {
    "criteria": {
      "auto": "2023-06-30 16:05:30 +0800"
    },
    "done": true
  },
  "immersiveengineering:main/mb_cokeoven": {
    "criteria": {
      "form_multiblock": "2023-07-04 10:31:54 +0800"
    },
    "done": true
  },
  "tombstone:adventure/bone_crusher": {
    "criteria": {
      "coded_trigger": "2023-07-06 09:32:35 +0800"
    },
    "done": true
  },
  "electrodynamics:coalgenerator": {
    "criteria": {
      "HasCoalGenerator": "2023-07-10 18:55:57 +0800"
    },
    "done": true
  },
  "simplyswords:longsword_plague": {
    "criteria": {
      "requirement": "2023-07-10 15:45:49 +0800"
    },
    "done": true
  },
  "tombstone:adventure/find_grave_dust": {
    "criteria": {
      "from_undead": "2023-07-05 21:43:50 +0800"
    },
    "done": true
  },
  "simplyswords:mjolnir": {
    "criteria": {
      "requirement": "2023-07-10 15:37:29 +0800"
    },
    "done": true
  },
  "electrodynamics:multimeter": {
    "criteria": {
      "HasMultimeter": "2023-07-11 18:07:37 +0800"
    },
    "done": true
  },
  "minecraft:husbandry/balanced_diet": {
    "criteria": {
      "chicken": "2023-07-08 12:13:47 +0800",
      "apple": "2023-06-30 16:17:21 +0800",
      "rotten_flesh": "2023-07-09 12:53:54 +0800",
      "golden_carrot": "2023-07-10 15:35:33 +0800",
      "enchanted_golden_apple": "2023-07-10 15:35:38 +0800"
    },
    "done": false
  },
  "simplyswords:twisted_blade": {
    "criteria": {
      "requirement": "2023-07-10 15:41:38 +0800"
    },
    "done": true
  },
  "mekanism:modification_station": {
    "criteria": {
      "modification_station": "2023-07-10 18:22:37 +0800"
    },
    "done": true
  },
  "tombstone:recipes/from_grave_key": {
    "criteria": {
      "has_ingredient": "2023-07-05 21:37:15 +0800"
    },
    "done": true
  },
  "mekanism:digital_miner": {
    "criteria": {
      "digital_miner": "2023-07-10 18:20:58 +0800"
    },
    "done": true
  },
  "chiselsandbits:chiselsandbits/make_tank": {
    "criteria": {
      "bit_tank": "2023-07-05 19:14:01 +0800"
    },
    "done": true
  },
  "mekanism:seismic_vibrations": {
    "criteria": {
      "seismic_reader": "2023-07-10 18:28:41 +0800",
      "seismic_vibrator": "2023-07-10 18:21:59 +0800"
    },
    "done": false
  },
  "mekanism:nucleosynthesizer": {
    "criteria": {
      "antiprotonic_nucleosynthesizer": "2023-07-10 18:22:40 +0800"
    },
    "done": true
  },
  "simplyswords:brimstone": {
    "criteria": {
      "requirement": "2023-07-10 15:35:04 +0800"
    },
    "done": true
  },
  "mekanism:stabilizing_chunks": {
    "criteria": {
      "dimensional_stabilizer": "2023-07-10 18:22:56 +0800"
    },
    "done": false
  },
  "electrodynamics:electricfurnace": {
    "criteria": {
      "HasElectricFurnace": "2023-07-06 10:13:20 +0800"
    },
    "done": true
  },
  "electrodynamics:evenbetterwiring": {
    "criteria": {
      "HasGoldWire": "2023-07-06 10:16:01 +0800"
    },
    "done": true
  },
  "electrodynamics:electrodynamics/guidebook": {
    "criteria": {
      "spawn": "2023-07-05 11:23:35 +0800"
    },
    "done": true
  },
  "chiselsandbits:chiselsandbits/root": {
    "criteria": {
      "chisel": "2023-07-03 19:24:32 +0800"
    },
    "done": true
  },
  "immersiveengineering:main/place_windmill": {
    "criteria": {
      "place_block": "2023-07-04 13:42:19 +0800"
    },
    "done": true
  },
  "simplyswords:the_watcher": {
    "criteria": {
      "requirement": "2023-07-10 17:33:39 +0800"
    },
    "done": true
  },
  "minecraft:story/root": {
    "criteria": {
      "crafting_table": "2023-06-30 16:19:00 +0800"
    },
    "done": true
  },
  "integrateddynamics:root": {
    "criteria": {
      "criteria_0": "2023-07-01 13:36:06 +0800"
    },
    "done": true
  },
  "tombstone:adventure/first_grave": {
    "criteria": {
      "coded_trigger": "2023-07-05 21:37:13 +0800"
    },
    "done": true
  },
  "tombstone:adventure/fortuitous_militia": {
    "criteria": {
      "coded_trigger": "2023-07-06 12:49:06 +0800"
    },
    "done": true
  },
  "mekanism:energy_transport": {
    "criteria": {
      "basic_universal_cable": "2023-07-01 11:36:30 +0800"
    },
    "done": true
  },
  "simplyswords:simplyswords": {
    "criteria": {
      "requirement": "2023-07-10 15:28:01 +0800"
    },
    "done": true
  },
  "mekanism:automated_crafting": {
    "criteria": {
      "formulaic_assemblicator": "2023-07-10 18:22:30 +0800"
    },
    "done": true
  },
  "tetra:recipes/string": {
    "criteria": {
      "got_string": "2023-06-30 16:15:52 +0800"
    },
    "done": true
  },
  "occultism:occultism/root": {
    "criteria": {
      "occultism_present": "2023-06-30 16:05:29 +0800"
    },
    "done": true
  },
  "simplyswords:bramblethorn": {
    "criteria": {
      "requirement": "2023-07-10 17:34:28 +0800"
    },
    "done": true
  },
  "mekanism:metallurgic_infuser": {
    "criteria": {
      "metallurgic_infuser": "2023-07-10 18:21:02 +0800"
    },
    "done": true
  },
  "mekanism:sna": {
    "criteria": {
      "solar_neutron_activator": "2023-07-10 18:22:24 +0800"
    },
    "done": true
  },
  "mekanism:logistical_sorter": {
    "criteria": {
      "logistical_sorter": "2023-06-30 18:29:20 +0800"
    },
    "done": true
  },
  "create:haunted_bell": {
    "criteria": {
      "0": "2023-07-05 18:13:21 +0800"
    },
    "done": true
  },
  "immersiveengineering:main/craft_treatedwood": {
    "criteria": {
      "has_item": "2023-07-03 21:52:12 +0800"
    },
    "done": true
  },
  "electrodynamics:mineralcrusher": {
    "criteria": {
      "HasCrusher": "2023-07-06 15:56:38 +0800"
    },
    "done": true
  },
  "simplyswords:icewhisper": {
    "criteria": {
      "requirement": "2023-07-10 15:44:25 +0800"
    },
    "done": true
  },
  "mekanism:liquifier": {
    "criteria": {
      "nutritional_liquifier": "2023-07-10 18:22:06 +0800"
    },
    "done": true
  },
  "minecraft:adventure/kill_a_mob": {
    "criteria": {
      "minecraft:spider": "2023-07-05 21:43:25 +0800"
    },
    "done": true
  },
  "mekanism:chemical_transport": {
    "criteria": {
      "basic_pressurized_tube": "2023-07-01 11:36:35 +0800"
    },
    "done": true
  },
  "simplyswords:soulpyre": {
    "criteria": {
      "requirement": "2023-07-10 15:43:40 +0800"
    },
    "done": true
  },
  "trashcans:trash_can": {
    "criteria": {
      "has_item_trash_can": "2023-07-01 11:02:24 +0800"
    },
    "done": true
  },
  "mekanism:configurator": {
    "criteria": {
      "configurator": "2023-06-30 17:46:45 +0800"
    },
    "done": true
  },
  "tombstone:recipes/from_grave_dust": {
    "criteria": {
      "has_ingredient": "2023-07-05 19:25:30 +0800"
    },
    "done": true
  },
  "minecraft:nether/obtain_blaze_rod": {
    "criteria": {
      "blaze_rod": "2023-07-07 12:56:09 +0800"
    },
    "done": true
  },
  "electrodynamics:upgradetransformer": {
    "criteria": {
      "HasTransf": "2023-07-10 18:56:31 +0800"
    },
    "done": true
  },
  "minecraft:story/mine_stone": {
    "criteria": {
      "get_stone": "2023-06-30 16:08:43 +0800"
    },
    "done": true
  },
  "mekanism:purification_chamber": {
    "criteria": {
      "purification_chamber": "2023-07-10 18:21:04 +0800"
    },
    "done": true
  },
  "minecraft:adventure/adventuring_time": {
    "criteria": {
      "minecraft:dripstone_caves": "2023-07-04 13:26:26 +0800",
      "minecraft:forest": "2023-06-30 16:05:30 +0800",
      "minecraft:deep_dark": "2023-07-05 21:37:00 +0800"
    },
    "done": false
  },
  "tombstone:adventure/almost_unkillable": {
    "criteria": {
      "coded_trigger": "2023-07-05 21:37:13 +0800"
    },
    "done": true
  },
  "create:andesite_casing": {
    "criteria": {
      "0": "2023-07-05 18:32:14 +0800"
    },
    "done": true
  },
  "tombstone:adventure/strong_or_careful": {
    "criteria": {
      "coded_trigger": "2023-07-05 21:37:13 +0800"
    },
    "done": true
  },
  "minecraft:adventure/sleep_in_bed": {
    "criteria": {
      "slept_in_bed": "2023-06-30 16:16:47 +0800"
    },
    "done": true
  },
  "mekanism:personal_storage": {
    "criteria": {
      "storage": "2023-07-10 18:21:18 +0800"
    },
    "done": true
  },
  "minecraft:husbandry/root": {
    "criteria": {
      "consumed_item": "2023-06-30 16:17:21 +0800"
    },
    "done": true
  },
  "immersiveengineering:main/craft_hammer": {
    "criteria": {
      "has_item": "2023-07-04 10:31:53 +0800"
    },
    "done": true
  },
  "tetra:spelunking/refill_cell": {
    "criteria": {
      "refill_cell": "2023-07-03 23:20:54 +0800"
    },
    "done": true
  },
  "simplyswords:molten_edge": {
    "criteria": {
      "requirement": "2023-07-10 15:44:12 +0800"
    },
    "done": true
  },
  "simplyswords:soulkeeper": {
    "criteria": {
      "requirement": "2023-07-10 17:35:36 +0800"
    },
    "done": true
  },
  "mekanism:pump": {
    "criteria": {
      "electric_pump": "2023-07-10 18:21:13 +0800"
    },
    "done": true
  },
  "electrodynamics:wiremill": {
    "criteria": {
      "HasMill": "2023-07-10 18:56:00 +0800"
    },
    "done": true
  },
  "electrodynamics:circuitbreaker": {
    "criteria": {
      "HasBreaker": "2023-07-10 18:57:11 +0800"
    },
    "done": true
  },
  "simplyswords:storms_edge": {
    "criteria": {
      "requirement": "2023-07-10 17:33:50 +0800"
    },
    "done": true
  },
  "create:shifting_gears": {
    "criteria": {
      "0": "2023-07-06 17:19:28 +0800"
    },
    "done": true
  },
  "simplyswords:hearthflame": {
    "criteria": {
      "requirement": "2023-07-10 15:42:17 +0800"
    },
    "done": true
  },
  "mekanism:enricher": {
    "criteria": {
      "enrichment_chamber": "2023-07-10 18:20:52 +0800"
    },
    "done": true
  },
  "pneumaticcraft:tp_plant": {
    "criteria": {
      "0": "2023-07-04 12:31:46 +0800"
    },
    "done": true
  },
  "electrodynamics:triplemilling": {
    "criteria": {
      "HasMill": "2023-07-05 11:43:59 +0800"
    },
    "done": true
  },
  "minecraft:adventure/root": {
    "criteria": {
      "killed_something": "2023-07-05 21:40:45 +0800"
    },
    "done": true
  },
  "electrodynamics:root": {
    "criteria": {
      "HasCraftingTable": "2023-07-05 16:15:40 +0800"
    },
    "done": true
  },
  "electrodynamics:ceramicallyinsulatedwiring": {
    "criteria": {
      "HasWire": "2023-07-11 17:47:18 +0800"
    },
    "done": true
  },
  "mekanism:painting_machine": {
    "criteria": {
      "painting_machine": "2023-07-05 15:26:50 +0800"
    },
    "done": true
  },
  "electrodynamics:mineralgrinder": {
    "criteria": {
      "HasGrinder": "2023-07-10 18:56:11 +0800"
    },
    "done": true
  },
  "farmersdelight:main/root": {
    "criteria": {
      "seeds": "2023-06-30 16:05:52 +0800"
    },
    "done": true
  },
  "mekanism:factory": {
    "criteria": {
      "factory": "2023-07-03 23:24:31 +0800"
    },
    "done": true
  },
  "simplyswords:dormant_relic": {
    "criteria": {
      "requirement": "2023-07-10 15:42:45 +0800"
    },
    "done": true
  },
  "exmachinis:root": {
    "criteria": {
      "item": "2023-07-07 12:46:20 +0800"
    },
    "done": true
  },
  "electrodynamics:electricarcfurnace": {
    "criteria": {
      "HasFurnace": "2023-07-06 12:55:38 +0800"
    },
    "done": true
  },
  "immersiveengineering:main/craft_workbench": {
    "criteria": {
      "has_item": "2023-07-03 21:20:31 +0800"
    },
    "done": true
  },
  "minecraft:adventure/kill_all_mobs": {
    "criteria": {
      "minecraft:blaze": "2023-07-07 12:54:04 +0800",
      "minecraft:skeleton": "2023-07-05 21:43:50 +0800",
      "minecraft:spider": "2023-07-05 21:43:25 +0800",
      "minecraft:creeper": "2023-07-05 21:43:51 +0800",
      "minecraft:slime": "2023-07-05 21:43:49 +0800",
      "minecraft:witch": "2023-07-05 21:43:49 +0800",
      "minecraft:husk": "2023-07-07 12:46:01 +0800",
      "minecraft:enderman": "2023-07-06 12:49:35 +0800",
      "minecraft:zombie": "2023-07-05 21:43:52 +0800",
      "minecraft:zombie_villager": "2023-07-05 21:45:17 +0800"
    },
    "done": false
  },
  "simplyswords:watching_warglaive": {
    "criteria": {
      "requirement": "2023-07-10 17:34:41 +0800"
    },
    "done": true
  },
  "mekanism:root": {
    "criteria": {
      "automatic": "2023-06-30 16:05:29 +0800"
    },
    "done": true
  },
  "tetra:recipes/planks": {
    "criteria": {
      "got_wood": "2023-07-03 21:48:55 +0800"
    },
    "done": true
  },
  "mekanism:item_transport": {
    "criteria": {
      "basic_logistical_transporter": "2023-07-01 11:36:36 +0800"
    },
    "done": true
  },
  "tetra:story/more_upgrades": {
    "criteria": {
      "hammer": "2023-06-30 16:18:52 +0800"
    },
    "done": true
  },
  "mekanism:injection_chamber": {
    "criteria": {
      "chemical_injection_chamber": "2023-07-03 21:57:45 +0800"
    },
    "done": true
  },
  "immersiveengineering:tools/craft_railgun": {
    "criteria": {
      "has_item": "2023-07-05 21:46:46 +0800"
    },
    "done": true
  },
  "mekanism:fluid_tank": {
    "criteria": {
      "basic_fluid_tank": "2023-07-03 20:17:58 +0800"
    },
    "done": true
  },
  "electrodynamics:downgradetransformer": {
    "criteria": {
      "HasTransf": "2023-07-10 18:56:30 +0800"
    },
    "done": true
  },
  "create:encased_fan": {
    "criteria": {
      "0": "2023-07-06 08:52:24 +0800"
    },
    "done": true
  },
  "botania:main/apothecary_pickup": {
    "criteria": {
      "apothecary": "2023-07-03 19:34:01 +0800"
    },
    "done": true
  },
  "farmersdelight:main/place_campfire": {
    "criteria": {
      "campfire": "2023-06-30 16:22:49 +0800"
    },
    "done": true
  },
  "simplyswords:harbinger": {
    "criteria": {
      "requirement": "2023-07-10 15:37:07 +0800"
    },
    "done": true
  },
  "trashcans:ultimate_trash_can": {
    "criteria": {
      "has_ultimate_trash_can": "2023-07-01 11:02:36 +0800"
    },
    "done": true
  },
  "simplyswords:shadowsting": {
    "criteria": {
      "requirement": "2023-07-10 15:36:56 +0800"
    },
    "done": true
  },
  "simplyswords:frostfall": {
    "criteria": {
      "requirement": "2023-07-10 15:43:50 +0800"
    },
    "done": true
  },
  "simplyswords:thunderbrand": {
    "criteria": {
      "requirement": "2023-07-10 15:41:11 +0800"
    },
    "done": true
  },
  "electrodynamics:thermoelectricgenerator": {
    "criteria": {
      "HasGen": "2023-07-10 18:56:50 +0800"
    },
    "done": true
  },
  "create:root": {
    "criteria": {
      "0": "2023-06-30 16:05:52 +0800"
    },
    "done": true
  },
  "tetra:upgrades/tool_upgrade": {
    "criteria": {
      "pickaxe": "2023-06-30 16:40:47 +0800"
    },
    "done": true
  },
  "pneumaticcraft:minigun": {
    "criteria": {
      "0": "2023-07-05 21:46:56 +0800"
    },
    "done": true
  },
  "tombstone:adventure/first_knowledge": {
    "criteria": {
      "coded_trigger": "2023-07-05 21:37:13 +0800"
    },
    "done": true
  },
  "create:fan_processing": {
    "criteria": {
      "0": "2023-07-06 08:53:10 +0800"
    },
    "done": true
  },
  "mekanism:chemical_crystallizer": {
    "criteria": {
      "chemical_dissolution_chamber": "2023-07-10 18:21:52 +0800",
      "chemical_crystallizer": "2023-07-10 18:21:57 +0800",
      "chemical_washer": "2023-07-10 18:21:54 +0800"
    },
    "done": true
  },
  "tetra:upgrades/workbench": {
    "criteria": {
      "hammer": "2023-06-30 16:30:53 +0800"
    },
    "done": true
  },
  "minecraft:story/smelt_iron": {
    "criteria": {
      "iron": "2023-07-07 12:46:20 +0800"
    },
    "done": true
  },
  "electrodynamics:triplecrusher": {
    "criteria": {
      "HasCrusher": "2023-07-11 18:36:28 +0800"
    },
    "done": true
  },
  "pneumaticcraft:lubricant_bucket": {
    "criteria": {
      "0": "2023-07-11 18:33:18 +0800"
    },
    "done": true
  },
  "electrodynamics:insulatedwiring": {
    "criteria": {
      "HasCopperInsulatedWire": "2023-07-11 18:15:00 +0800"
    },
    "done": true
  },
  "electrodynamics:batterybox": {
    "criteria": {
      "HasBox": "2023-07-06 10:19:16 +0800"
    },
    "done": true
  },
  "tetra:recipes/workbench": {
    "criteria": {
      "hammer": "2023-06-30 16:30:53 +0800"
    },
    "done": true
  },
  "pneumaticcraft:pneumatic_wrench": {
    "criteria": {
      "0": "2023-07-09 12:07:34 +0800"
    },
    "done": true
  },
  "mekanism:steel_ingot": {
    "criteria": {
      "ingot_steel": "2023-07-11 18:18:15 +0800"
    },
    "done": true
  },
  "tombstone:adventure/ambush": {
    "criteria": {
      "coded_trigger": "2023-07-05 21:43:49 +0800"
    },
    "done": true
  },
  "simplyswords:slumbering_lichblade": {
    "criteria": {
      "requirement": "2023-07-10 17:54:39 +0800"
    },
    "done": true
  },
  "DataVersion": 3120
}