{"stats":{"minecraft:mined":{"thermal:device_collector":2,"create:andesite_casing":8,"minecraft:grass_block":14,"cyclic:soundproofing":5,"progressthroughskies:bedrock_gravel":115,"minecraft:cobbled_deepslate":1,"minecraft:fire":7,"cyclic:melter":2,"trashcans:ultimate_trash_can":1,"minecraft:blast_furnace":1,"minecraft:chest":5,"minecraft:cobblestone":2,"minecraft:oak_log":188,"cyclic:soundproofing_ghost":3,"minecraft:dirt":19,"minecraft:oak_leaves":1233,"immersiveengineering:workbench":2,"exnihilosequentia:infested_leaves":44,"trashcans:item_trash_can":1,"chipped:mason_table":1,"extractinator:extractinator":3,"cyclic:collector":3,"mekanism:basic_mechanical_pipe":2,"ilikewood:oak_sawmill":2,"minecraft:redstone_wire":4,"cyclic:solidifier":4,"mekanism:ultimate_mechanical_pipe":2,"minecraft:polished_deepslate":1,"mekanism:logistical_sorter":4,"minecraft:oak_slab":8,"mekanism:ultimate_fluid_tank":1,"cyclic:packager":1,"exnihilosequentia:stone_barrel":1,"tetra:basic_workbench":1,"minecraft:gravel":53,"mekanism:ultimate_logistical_transporter":13},"minecraft:picked_up":{"minecraft:lead":2,"minecraft:polished_deepslate":3,"minecraft:string":172,"quark:paper_wall_big":3,"create:limestone":4,"create:sand_paper":1,"minecraft:cobbled_deepslate":2,"clickmachine:auto_clicker":1,"mekanism:ultimate_mechanical_pipe":2,"mekanism:logistical_sorter":4,"additional_lights:fire_pit_l_cobblestone":4,"minecraft:stick":49,"minecraft:torch":7,"create:andesite_casing":8,"tinyredstone:tiny_super_repeater":1,"tinyredstone:redstone_panel":24,"emendatusenigmatica:raw_copper":32,"tombstone:grave_dust":50,"gateways:gate_pearl":6,"woodenbucket:wooden_bucket":51,"minecraft:rotten_flesh":1184,"ilikewood:oak_sawmill":2,"exnihilosequentia:sea_water_bucket":1,"occultism:datura":2,"minecraft:blaze_rod":175,"exnihilosequentia:stone_crook":1,"minecraft:cobblestone":100,"emendatusenigmatica:copper_shard":36,"occultism:golden_sacrificial_bowl":1,"occultism:datura_seeds":11,"minecraft:feather":6,"minecraft:andesite":68,"minecraft:potato":5,"tinyredstone:tiny_lever":2,"exnihilosequentia:string_mesh":1,"minecraft:flint":3,"trashcans:item_trash_can":1,"minecraft:dirt":124,"create:encased_chain_drive":1,"minecraft:leather_boots":1,"minecraft:bone":86,"occultism:chalk_white_impure":4,"emendatusenigmatica:gold_dirty_dust":2,"minecraft:raw_gold":6,"trashcans:ultimate_trash_can":1,"cyclic:soundproofing":5,"immersiveengineering:blueprint":7,"integrateddynamics:mechanical_drying_basin":5,"mekanism:ultimate_fluid_tank":1,"tetra:modular_double":1,"immersiveengineering:connector_redstone":1,"minecraft:grass_block":14,"tinygates:tiny_clock":3,"exnihilosequentia:silkworm":42,"progressthroughskies:sand_dust":110,"minecraft:bundle":2,"mekanism:basic_mechanical_pipe":2,"mekanism:bio_fuel":365,"tombstone:familiar_stone":2,"mekanism:dirty_dust_gold":1,"minecraft:oak_sapling":110,"pneumaticcraft:heat_frame":1,"minecraft:nether_star":2,"alexs_armoury:battlestaff_pattern":1,"tinyredstone:tiny_comparator":4,"minecraft:crafting_table":1,"occultism:chalk_white":2,"minecraft:chicken":4,"minecraft:clay_ball":153,"cyclic:collector":3,"cyclic:melter":2,"electrodynamics:windmill":1,"minecraft:iron_shovel":1,"cyclic:soundproofing_ghost":3,"immersiveengineering:workbench":2,"minecraft:poppy":38,"minecraft:light_gray_wool":10,"minecraft:chest":6,"chipped:mason_table":1,"occultism:spirit_fire":1,"minecraft:stone":1,"occultism:chalk_gold":3,"emendatusenigmatica:raw_copper_block":5,"create:hand_crank":1,"minecraft:carrot":5,"minecraft:redstone":135,"minecraft:stone_pressure_plate":16,"minecraft:arrow":71,"mekanism:ultimate_logistical_transporter":14,"tombstone:essence_of_undeath":1,"exnihilosequentia:stone_barrel":2,"extractinator:extractinator":3,"cyclic:breaker":3,"minecraft:white_wool":12,"progressthroughskies:bedrock_dust":1740,"integrateddynamics:on_the_dynamics_of_integration":1,"minecraft:leather":4,"thermal:device_collector":2,"minecraft:oak_log":188,"minecraft:gunpowder":12,"minecraft:paper":7,"occultism:candle_white":3,"progressthroughskies:bedrock_gravel":122,"minecraft:apple":12,"tinyredstone:tiny_piston":1,"minecraft:iron_ingot":162,"create:analog_lever":1,"tombstone:bag_of_seeds":1,"minecraft:glass_bottle":1,"minecraft:soul_sand":3,"minecraft:oak_slab":90,"progressthroughskies:gravel_dust":444,"chiselsandbits:chiseledrock":1,"occultism:sacrificial_bowl":5,"create:large_water_wheel":2,"chipped:cobbled_blackstone":3,"tinyredstone:tiny_redstone_torch":4,"cyclic:solidifier":4,"minecraft:gravel":64,"tinyredstone:tiny_repeater":1,"minecraft:amethyst_shard":6,"minecraft:blast_furnace":1,"occultism:spirit_attuned_crystal":3,"minecraft:spider_eye":5,"exnihilosequentia:cooked_silkworm":40,"morphtool:tool":5,"tinyredstone:tiny_redstone":63,"minecraft:slime_ball":2,"cyclic:packager":2,"immersiveengineering:wirecoil_redstone":1,"minecraft:gray_wool":1,"tombstone:magic_scroll":8,"minecraft:ender_pearl":2},"minecraft:broken":{"woodenbucket:wooden_bucket":1,"create:sand_paper":3},"minecraft:used":{"electrodynamics:batterybox":6,"simplyswords:thunderbrand":26,"assemblylinemachines:corrupting_basin":1,"cgm:machine_pistol":858,"minecraft:polished_deepslate":2,"pneumaticcraft:air_compressor":2,"scorchedguns:g19_director":4,"cyclic:solidifier":6,"assemblylinemachines:electric_purifier":1,"simplyswords:harbinger":55,"mekanism:painting_machine":2,"trashcans:item_trash_can":1,"mekanism:basic_fluid_tank":2,"minecraft:chest":13,"assemblylinemachines:pumpshaft":4,"minecraft:stone":6,"emendatusenigmatica:copper_bucket":5,"scorchedguns:cogloader":42,"create:haunted_bell":1,"cagerium:iron_golem_spawn_egg":37,"electrodynamics:lathe":1,"additional_lights:al_lamp_oak_planks":5,"mekanism:basic_logistical_transporter":4,"assemblylinemachines:novasteel_sword":6,"minecraft:rotten_flesh":30,"pneumaticcraft:heat_frame":1,"mekanism:ultimate_infusing_factory":1,"create:analog_lever":9,"mekanism:digital_miner":1,"minecraft:white_candle":12,"scorchedguns:spitfire":60,"mekanism:precision_sawmill":1,"immersiveengineering:craftingtable":1,"mekanism:ultimate_combining_factory":1,"mekanismgenerators:rotational_complex":3,"minecraft:soul_sand":8,"mekanism:basic_mechanical_pipe":3,"assemblylinemachines:fluid_bath":1,"mekanism:ultimate_pressurized_tube":6,"create:cogwheel":9,"scorchedguns:kiln_gun":9,"exnihilosequentia:cooked_silkworm":32,"mekanism:nutritional_liquifier":1,"occultism:chalk_gold":6,"occultism:sacrificial_bowl":8,"electrodynamics:hydroelectricgenerator":1,"dynamicelectricity:motordcmv":3,"electrodynamics:oxidationfurnace":1,"immersiveengineering:cokebrick":27,"mekanism:chemical_injection_chamber":4,"mekanism:ultimate_smelting_factory":1,"simplyswords:runic_chakram":95,"scorchedguns:thunderhead":45,"mekanism:basic_energy_cube":6,"simplyswords:sword_on_a_stick":5,"simplyswords:netherite_greathammer":38,"cgm:shotgun":174,"assemblylinemachines:experience_siphon":2,"scorchedguns:steyr_smg":30,"immersiveengineering:windmill":2,"minecraft:grass_block":14,"mekanism:personal_barrel":3,"assemblylinemachines:electric_grinder":2,"constructionwand:infinity_wand":31,"scorchedguns:sc_fusilage":3,"mekanismgenerators:electromagnetic_coil":2,"assemblylinemachines:entropy_reactor_block":1,"electrodynamics:wireinsulatedgold":2,"scorchedguns:skellik_65":3,"chipped:wooden_cage_lantern":8,"mekanism:ultimate_crushing_factory":3,"scorchedguns:lm_spear_ironport":5,"mekanism:combiner":1,"chiselsandbits:chisel_stone":2,"trashcans:liquid_trash_can":1,"scorchedguns:volley_gun":57,"occultism:chalk_white":37,"minecraft:furnace":2,"create:shaft":13,"cyclic:melter":4,"cyclic:collector":5,"minecraft:oak_sapling":33,"clickmachine:auto_clicker":2,"scorchedguns:sc_dahka":3,"assemblylinemachines:electric_furnace":2,"nuclearscience:electromagneticbooster":2,"cgm:heavy_rifle":68,"additional_lights:fire_pit_s_cobblestone":1,"electrodynamics:advancedsolarpanel":2,"mekanism:ultimate_mechanical_pipe":4,"additional_lights:al_torch_oak_planks":1,"assemblylinemachines:vacuum_hopper":1,"powah:solar_panel_starter":1,"mekanism:personal_chest":3,"assemblylinemachines:mkii_pneumatic_compressor":1,"occultism:datura_seeds":1,"mekanism:chemical_washer":1,"minecraft:redstone_block":1,"electrodynamics:downgradetransformer":2,"exnihilosequentia:stone_barrel":4,"exnihilosequentia:oak_sieve":4,"scorchedguns:sc_lawbringer":1,"cyclic:soundproofing_ghost":3,"mekanism:chemical_dissolution_chamber":1,"electrodynamics:mineralgrinder":1,"scorchedguns:blunderbuss":2,"create:mechanical_saw":1,"scorchedguns:osgood_50":2,"cyclic:placer":1,"simplyswords:molten_edge":8,"chiselsandbits:bit_storage":1,"pneumaticcraft:thermopneumatic_processing_plant":2,"trashcans:ultimate_trash_can":1,"minecraft:sand":2,"electrodynamics:wiregold":5,"alexs_armoury:armourers_table":1,"electrodynamics:multimeterblock":1,"minecraft:blast_furnace":3,"electrodynamics:wiremill":1,"tetra:modular_double":353,"mekanism:pigment_mixer":2,"assemblylinemachines:pump":2,"cgm:bazooka":6,"scorchedguns:m19_waltz_dehann":2,"thermal:machine_pyrolyzer":4,"simplyswords:mjolnir":201,"mob_grinding_utils:saw":1,"electrodynamics:energizedalloyer":1,"scorchedguns:sc_gowza":5,"scorchedguns:soul_drummer":74,"minecraft:lever":1,"assemblylinemachines:greenhouse":1,"thermal:device_tree_extractor":1,"immersiveengineering:hammer":1,"mekanism:crusher":2,"cyclic:crusher":2,"scorchedguns:gauss_rifle":2,"electrodynamics:combustionchamber":1,"packagedauto:fluid_package_filler":1,"mekanism:logistical_sorter":10,"scorchedguns:gowza_32l":2,"cyclic:breaker":1,"ilikewood:oak_log_pile":1,"mekanism:metallurgic_infuser":1,"scorchedguns:sc_deputy":7,"assemblylinemachines:mkii_fluid_mixer":1,"tinyredstone:redstone_wrench":6,"create:adjustable_chain_gearshift":15,"cgm:assault_rifle":542,"scorchedguns:flechette_jet":7,"occultism:spirit_attuned_crystal":5,"minecraft:gravel":53,"mekanism:rotary_condensentrator":4,"create:andesite_casing":1,"dynamicelectricity:motordchv":4,"mekanism:dimensional_stabilizer":1,"ilikewood:netherite_jungle_sword":2,"scorchedguns:huot_auto":47,"simplyswords:shadowsting":9,"simplyswords:frostfall":44,"minecraft:fire_charge":4,"assemblylinemachines:electric_fluid_mixer":2,"mekanism:ultimate_logistical_transporter":37,"create:basin":4,"progressthroughskies:bedrock_gravel":116,"mekanism:ultimate_energy_cube":4,"mekanismgenerators:solar_generator":1,"scorchedguns:m99_krauser":5,"create:andesite_scaffolding":44,"electrodynamics:electricarcfurnace":2,"minecraft:netherite_sword":56,"storagedrawers:oak_full_drawers_1":6,"create:vertical_gearbox":7,"scorchedguns:tt_jorm_keg":60,"chipped:carpenters_table":2,"mekanism:pigment_extractor":1,"simplyswords:iron_glaive":17,"exmachinis:flux_sieve":2,"exnihilosequentia:silkworm":1,"assemblylinemachines:entropy_reactor_core":1,"create:large_cogwheel":2,"minecraft:white_concrete":1,"mekanism:creative_chemical_tank":4,"cgm:mini_gun":2464,"scorchedguns:ooz_96":9,"simplyswords:sunfire":5,"scorchedguns:r498_gauss_cannon":149,"minecraft:iron_bars":26,"assemblylinemachines:crankmill":1,"scorchedguns:lg8_grenade_launcher":14,"scorchedguns:earths_corpse":95,"mekanism:enrichment_chamber":1,"minecraft:stone_sword":205,"chipped:tinkering_table":1,"scorchedguns:scrap_cannon":13,"minecraft:flint_and_steel":3,"simplyswords:stormbringer":12,"mekanism:configurator":132,"industrialforegoing:resourceful_furnace":1,"assemblylinemachines:kinetic_grinder":1,"minecraft:redstone":4,"mekanism:ultimate_injecting_factory":2,"ilikewood:oak_sawmill":4,"simplyswords:iron_warglaive":80,"scorchedguns:riveter":6,"powah:solar_panel_nitro":1,"electrodynamics:coalgenerator":1,"mekanism:modification_station":1,"chiselsandbits:chiseledrock":1,"tinyredstone:redstone_panel":13,"minecraft:torch":2,"mekanism:antiprotonic_nucleosynthesizer":1,"gateways:gate_pearl":21,"scorchedguns:invis_nvr_63":3,"scorchedguns:astella":29,"minecraft:dirt":78,"exmachinis:flux_compactor":1,"cgm:workbench":1,"create:mechanical_mixer":1,"chipped:wooden_cage_soul_lantern":1,"simplyswords:iron_katana":17,"pneumaticcraft:electrostatic_compressor":3,"industrialforegoing:sludge_refiner":1,"scorchedguns:scorched_obrez_staff":5,"assemblylinemachines:experience_hopper":1,"botania:stripped_dreamwood_log":1,"cgm:rifle":42,"scorchedguns:pipe_musket":7,"electrodynamics:reinforcedalloyer":1,"mekanism:osmium_compressor":2,"mekanism:ultimate_fluid_tank":2,"mekanism:ultimate_purifying_factory":1,"immersiveengineering:circuit_table":1,"electrodynamics:chemicalcrystallizer":1,"minecraft:dark_oak_planks":1,"scorchedguns:auto_crossbow":31,"scorchedguns:hand_crossbow":5,"scorchedguns:officers_special":13,"scorchedguns:scorched_wand":4,"scorchedguns:scorched_staff":27,"create:gearbox":1,"assemblylinemachines:mkii_furnace":1,"mekanism:chemical_oxidizer":1,"chipped:glassblower":1,"mekanism:fluidic_plenisher":1,"immersiveengineering:workbench":5,"mob_grinding_utils:rotten_egg":2,"electrodynamics:compositearmorchestplate":1,"mekanism:purification_chamber":1,"cyclic:soundproofing":7,"extractinator:extractinator":15,"additional_lights:fire_pit_l_cobblestone":4,"mekanism:fuelwood_heater":2,"additional_lights:standing_torch_s_cobblestone":3,"create:creative_motor":6,"createaddition:tesla_coil":2,"assemblylinemachines:fluid_router":2,"cgm:grenade_launcher":79,"assemblylinemachines:omnivoid":1,"create:encased_chain_drive":21,"integrateddynamics:mechanical_drying_basin":7,"thermal:fluid_cell":1,"scorchedguns:railworker":6,"assemblylinemachines:alloy_smelter":1,"minecraft:golden_carrot":6,"dynamicelectricity:motordclv":2,"assemblylinemachines:coal_generator":1,"assemblylinemachines:pneumatic_compressor":1,"mekanism:electrolytic_separator":1,"minecraft:enchanted_golden_apple":3,"tombstone:gift":22,"simplyswords:soulstealer":18,"minecraft:cobbled_deepslate":1,"additional_lights:standing_torch_l_cobblestone":1,"electrodynamics:electricpump":1,"minecraft:stone_pressure_plate":2,"mekanism:pressurized_reaction_chamber":2,"thermal:device_collector":2,"scorchedguns:eoka_pistol":10,"scorchedguns:punt_gun":1,"create:gearshift":1,"scorchedguns:scorched_scatter_staff":6,"assemblylinemachines:experience_mill":1,"exnihilosequentia:fired_crucible":1,"scorchedguns:jury_rigged_wrist_breaker":53,"minecraft:water_bucket":13,"additional_lights:al_lamp_cobblestone":4,"assemblylinemachines:refinery":1,"electrodynamics:circuitbreaker":1,"electrodynamics:wireinsulatedcopper":8,"scorchedguns:alfonz_turnpike":52,"mekanism:formulaic_assemblicator":1,"mekanism:electric_pump":1,"electrodynamics:windmill":2,"mekanism:isotopic_centrifuge":1,"mekanism:ultimate_universal_cable":24,"cgm:pistol":59,"electrodynamics:chemicalmixer":1,"mekanismgenerators:bio_generator":3,"electrodynamics:wireceramicinsulatedcopper":6,"scorchedguns:heavy_crossbow":2,"cgm:stun_grenade":45,"assemblylinemachines:galactic_flesh":2,"assemblylinemachines:mkii_grinder":1,"exnihilosequentia:stone_crook":119,"integrateddynamics:drying_basin":1,"minecraft:stonecutter":2,"mekanism:chemical_infuser":2,"minecraft:polished_blackstone_pressure_plate":1,"scorchedguns:cyclone":2,"scorchedguns:bastard_gun":54,"assemblylinemachines:mkii_alloy_smelter":1,"electrodynamics:wiremilltriple":1,"create:encased_fan":7,"chipped:mason_table":3,"minecraft:oak_slab":936,"minecraft:crafting_table":7,"simplyswords:iron_greataxe":10,"electrodynamics:electricfurnace":3,"minecraft:white_bed":1,"minecraft:campfire":5,"occultism:datura":1,"assemblylinemachines:mkii_lumber_mill":1,"scorchedguns:waltz_conversion":2,"mekanism:seismic_vibrator":1,"botania:apothecary_default":1,"electrodynamics:fermentationplant":1,"mekanism:creative_energy_cube":1,"createaddition:alternator":1,"minecraft:mud":1,"minecraft:oak_log":41,"electrodynamics:electrolyticseparator":1,"simplyswords:awakened_lichblade":5,"nuclearscience:meltedreactor":1,"assemblylinemachines:naphtha_turbine":1,"assemblylinemachines:autocrafting_table":1,"electrodynamics:thermoelectricgenerator":1,"minecraft:apple":20,"mekanism:ultimate_enriching_factory":1,"assemblylinemachines:combustion_generator":1,"minecraft:chicken":1,"assemblylinemachines:interactor":1,"cgm:grenade":18,"create:water_wheel":1,"tombstone:magic_scroll":4,"mekanism:energized_smelter":1,"electrodynamics:mineralwasher":1,"mekanism:chemical_crystallizer":1,"electrodynamics:mineralcrusher":2,"assemblylinemachines:kinetic_fluid_mixer":1,"create:large_water_wheel":10,"electrodynamics:upgradetransformer":1,"thermal:machine_crafter":1,"mekanism:oredictionificator":1,"occultism:candle_white":16,"assemblylinemachines:mkii_purifier":1,"minecraft:cobblestone":4,"mekanism:solar_neutron_activator":1,"scorchedguns:alfonz_repeating_punter":14,"chipped:cobbled_blackstone":2,"minecraft:bucket":12,"occultism:golden_sacrificial_bowl":2,"cyclic:packager":2,"scorchedguns:blasphemy":16,"create:hand_crank":2,"minecraft:smooth_stone":1,"mekanism:ultimate_sawing_factory":1,"scorchedguns:noqq_gun":2},"minecraft:killed":{"minecraft:witch":14,"minecraft:spider":18,"minecraft:skeleton":38,"minecraft:chicken":5,"minecraft:skeleton_horse":4,"minecraft:zombie_villager":31,"minecraft:iron_golem":37,"minecraft:creeper":20,"minecraft:trader_llama":2,"minecraft:zombie":237,"minecraft:blaze":50,"minecraft:slime":8,"minecraft:husk":68,"minecraft:wandering_trader":1,"minecraft:enderman":3},"minecraft:killed_by":{"minecraft:zombie":2},"minecraft:dropped":{"exnihilosequentia:stone_barrel":6,"occultism:datura_seeds":4,"minecraft:crafting_table":1,"immersiveengineering:blueprint":2,"immersiveengineering:workbench":2,"create:large_water_wheel":2,"mekanismgenerators:bio_generator":2,"trashcans:ultimate_trash_can":1,"minecraft:dirt":1,"cyclic:soundproofing_ghost":1,"trashcans:liquid_trash_can":1,"theoneprobe:probenote":1,"minecraft:amethyst_shard":4,"exmachinis:flux_compactor":1,"exnihilosequentia:cooked_silkworm":6,"progressthroughskies:bedrock_gravel":279,"minecraft:white_wool":1,"integrateddynamics:mechanical_drying_basin":2,"chiselsandbits:block_bit":1017,"trashcans:item_trash_can":1,"progressthroughskies:gravel_dust":96,"minecraft:gravel":7,"minecraft:cobbled_deepslate":4,"tinyredstone:redstone_panel":2,"mekanism:ultimate_logistical_transporter":1,"mekanism:bio_fuel":16,"cyclic:soundproofing":1,"cyclic:breaker":5,"mekanism:ultimate_mechanical_pipe":1,"occultism:chalk_gold_impure":3,"minecraft:chest":1,"create:limestone":4,"cyclic:collector":1,"mekanism:logistical_sorter":1,"cyclic:melter":1,"create:mechanical_mixer":1,"create:basin":1,"minecraft:enchanted_book":3,"morphtool:tool":3,"minecraft:oak_slab":2,"alexs_armoury:battlestaff_pattern":1,"occultism:datura":1,"occultism:spirit_attuned_crystal":2,"minecraft:cobblestone":1,"thermal:device_tree_extractor":1,"extractinator:extractinator":4,"exnihilosequentia:fired_crucible":1,"minecraft:stick":6,"minecraft:polished_andesite":2,"trashcans:energy_trash_can":1,"minecraft:gray_wool":1,"minecraft:torch":3,"tinyredstone:tiny_redstone":1,"mekanism:ultimate_thermodynamic_conductor":1,"minecraft:paper":9,"create:sand_paper":1,"minecraft:polished_deepslate":3,"chipped:mason_table":2,"occultism:sacrificial_bowl":2,"mekanism:configurator":1,"mekanism:dirty_dust_gold":2,"exnihilosequentia:sea_water_bucket":2,"mekanism:ultimate_pressurized_tube":1,"occultism:chalk_white":1,"thermal:device_collector":3,"minecraft:light_gray_wool":10,"theoneprobe:probe":1,"woodenbucket:wooden_bucket":43,"minecraft:stone":68,"progressthroughskies:bedrock_dust":895,"occultism:spirit_fire":2,"minecraft:andesite":2,"minecraft:stone_pressure_plate":5,"chipped:tinkering_table":1,"occultism:chalk_white_impure":2,"mekanism:ultimate_universal_cable":1,"emendatusenigmatica:copper_bucket":1},"minecraft:crafted":{"mekanism:configurator":1,"mekanism:ultimate_mechanical_pipe":2,"minecraft:sand":26,"tinygates:tiny_clock":1,"minecraft:stone":67,"ilikewood:oak_sawmill":1,"mekanism:logistical_sorter":2,"tinyredstone:tiny_lever":2,"immersiveengineering:workbench":1,"exnihilosequentia:stone_barrel":1,"cyclic:melter":2,"trashcans:ultimate_trash_can":1,"minecraft:glass":17,"tinyredstone:tiny_comparator":1,"occultism:brush":1,"mekanism:ultimate_logistical_transporter":1,"mekanism:ultimate_universal_cable":1,"exnihilosequentia:stone_crook":4,"minecraft:stone_pressure_plate":45,"tinyredstone:tiny_redstone":84,"minecraft:chest":8,"create:cogwheel":1,"extractinator:extractinator":1,"chipped:mason_table":1,"mekanism:ultimate_pressurized_tube":1,"minecraft:oak_slab":12,"ilikewood:oak_post":4,"minecraft:crafting_table":6,"tinyredstone:redstone_wrench":1,"minecraft:gravel":27,"create:piston_extension_pole":2,"progressthroughskies:bedrock_gravel":174,"storagedrawers:oak_full_drawers_1":1,"exnihilosequentia:fired_crucible":2,"create:sand_paper":1,"minecraft:campfire":1,"chipped:carpenters_table":1,"create:gearbox":2,"minecraft:dispenser":1,"minecraft:paper":6,"woodenbucket:wooden_bucket":8,"minecraft:fire_charge":1,"cyclic:hopper":1,"morphtool:tool":6,"minecraft:redstone":2,"tinygates:tiny_counter":1,"minecraft:cobbled_deepslate":41,"tinyredstone:redstone_panel":33,"minecraft:furnace":1,"minecraft:blast_furnace":1,"minecraft:light_gray_wool":4,"cyclic:solidifier":1,"progressthroughskies:rain_wand":3,"exnihilosequentia:oak_sieve":1,"tinyredstone:tiny_repeater":1,"chipped:tinkering_table":1,"tinyredstone:tiny_solid_block":9,"tetra:modular_double":3,"compressium:gravel_1":2,"trashcans:liquid_trash_can":1,"minecraft:air":280,"ilikewood:oak_log_pile":2,"compressium:sand_1":2,"create:whisk":1,"minecraft:cobblestone":1,"create:andesite_scaffolding":10,"storagedrawers:void_upgrade":1,"compressium:cobblestone_1":2,"thermal:device_tree_extractor":2,"minecraft:dark_oak_log":33,"minecraft:stonecutter":1,"minecraft:white_bed":1,"mekanism:ultimate_thermodynamic_conductor":1,"create:shaft":9,"tinyredstone:tiny_redstone_torch":1,"chipped:glassblower":1,"exnihilosequentia:string_mesh":1},"minecraft:custom":{"minecraft:interact_with_crafting_table":32,"minecraft:open_barrel":2,"minecraft:bell_ring":2,"minecraft:leave_game":97,"minecraft:time_since_death":944199,"minecraft:damage_resisted":162,"minecraft:sprint_one_cm":725159,"minecraft:drop":233,"minecraft:talked_to_villager":2,"minecraft:play_time":3098825,"minecraft:deaths":4,"minecraft:jump":12204,"minecraft:walk_on_water_one_cm":24830,"minecraft:interact_with_furnace":172,"minecraft:sleep_in_bed":21,"minecraft:damage_dealt":65059,"minecraft:crouch_one_cm":68404,"tombstone:undead_killed":378,"tombstone:villager_killed":1,"minecraft:mob_kills":575,"minecraft:inspect_hopper":2,"minecraft:interact_with_campfire":65,"minecraft:damage_dealt_resisted":2948,"minecraft:climb_one_cm":3338,"minecraft:walk_one_cm":2753454,"gateways:gates_defeated":1,"minecraft:sneak_time":34196,"minecraft:walk_under_water_one_cm":6995,"minecraft:interact_with_blast_furnace":17,"minecraft:total_world_time":4898483,"tombstone:raider_killed":14,"minecraft:interact_with_stonecutter":23,"minecraft:time_since_rest":904902,"minecraft:damage_taken":3168,"minecraft:damage_absorbed":300,"minecraft:use_wand":406,"minecraft:fly_one_cm":1280626,"minecraft:open_chest":179,"minecraft:fall_one_cm":320321}},"DataVersion":3120}