{
  "mekanism:logistical_sorter": {
    "criteria": {
      "logistical_sorter": "2023-06-30 18:29:20 +0800"
    },
    "done": true
  },
  "mekanism:fluid_transport": {
    "criteria": {
      "basic_mechanical_pipe": "2023-07-01 11:36:33 +0800"
    },
    "done": true
  },
  "farmersdelight:main/root": {
    "criteria": {
      "seeds": "2023-06-30 16:05:52 +0800"
    },
    "done": true
  },
  "tetra:upgrades/root": {
    "criteria": {
      "hammer": "2023-06-30 16:18:52 +0800"
    },
    "done": true
  },
  "tetra:upgrades/double_headed": {
    "criteria": {
      "hammer": "2023-06-30 16:18:52 +0800"
    },
    "done": true
  },
  "modonomicon:modonomicon/root": {
    "criteria": {
      "modonomicon_present": "2023-06-30 16:05:29 +0800"
    },
    "done": true
  },
  "tombstone:adventure/root": {
    "criteria": {
      "auto": "2023-06-30 16:05:30 +0800"
    },
    "done": true
  },
  "mekanism:chemical_transport": {
    "criteria": {
      "basic_pressurized_tube": "2023-07-01 11:36:35 +0800"
    },
    "done": true
  },
  "trashcans:trash_can": {
    "criteria": {
      "has_item_trash_can": "2023-07-01 11:02:24 +0800"
    },
    "done": true
  },
  "mekanism:root": {
    "criteria": {
      "automatic": "2023-06-30 16:05:29 +0800"
    },
    "done": true
  },
  "mekanism:configurator": {
    "criteria": {
      "configurator": "2023-06-30 17:46:45 +0800"
    },
    "done": true
  },
  "mekanism:item_transport": {
    "criteria": {
      "basic_logistical_transporter": "2023-07-01 11:36:36 +0800"
    },
    "done": true
  },
  "tetra:story/more_upgrades": {
    "criteria": {
      "hammer": "2023-06-30 16:18:52 +0800"
    },
    "done": true
  },
  "minecraft:husbandry/balanced_diet": {
    "criteria": {
      "apple": "2023-06-30 16:17:21 +0800"
    },
    "done": false
  },
  "minecraft:story/mine_stone": {
    "criteria": {
      "get_stone": "2023-06-30 16:08:43 +0800"
    },
    "done": true
  },
  "farmersdelight:main/place_campfire": {
    "criteria": {
      "campfire": "2023-06-30 16:22:49 +0800"
    },
    "done": true
  },
  "trashcans:ultimate_trash_can": {
    "criteria": {
      "has_ultimate_trash_can": "2023-07-01 11:02:36 +0800"
    },
    "done": true
  },
  "tetra:upgrades/repairs": {
    "criteria": {
      "hammer": "2023-06-30 16:18:52 +0800"
    },
    "done": true
  },
  "minecraft:adventure/adventuring_time": {
    "criteria": {
      "minecraft:forest": "2023-06-30 16:05:30 +0800"
    },
    "done": false
  },
  "minecraft:adventure/sleep_in_bed": {
    "criteria": {
      "slept_in_bed": "2023-06-30 16:16:47 +0800"
    },
    "done": true
  },
  "create:root": {
    "criteria": {
      "0": "2023-06-30 16:05:52 +0800"
    },
    "done": true
  },
  "minecraft:husbandry/root": {
    "criteria": {
      "consumed_item": "2023-06-30 16:17:21 +0800"
    },
    "done": true
  },
  "tetra:upgrades/tool_upgrade": {
    "criteria": {
      "pickaxe": "2023-06-30 16:40:47 +0800"
    },
    "done": true
  },
  "minecraft:story/root": {
    "criteria": {
      "crafting_table": "2023-06-30 16:19:00 +0800"
    },
    "done": true
  },
  "tetra:upgrades/workbench": {
    "criteria": {
      "hammer": "2023-06-30 16:30:53 +0800"
    },
    "done": true
  },
  "mekanism:energy_transport": {
    "criteria": {
      "basic_universal_cable": "2023-07-01 11:36:30 +0800"
    },
    "done": true
  },
  "tetra:recipes/string": {
    "criteria": {
      "got_string": "2023-06-30 16:15:52 +0800"
    },
    "done": true
  },
  "occultism:occultism/root": {
    "criteria": {
      "occultism_present": "2023-06-30 16:05:29 +0800"
    },
    "done": true
  },
  "tetra:recipes/workbench": {
    "criteria": {
      "hammer": "2023-06-30 16:30:53 +0800"
    },
    "done": true
  },
  "DataVersion": 3120
}