{"stats":{"minecraft:used":{"storagedrawers:oak_full_drawers_1":1,"chipped:tinkering_table":1,"mekanism:configurator":57,"cyclic:solidifier":4,"minecraft:redstone":4,"trashcans:item_trash_can":1,"ilikewood:oak_sawmill":1,"minecraft:chest":6,"tinyredstone:redstone_panel":10,"minecraft:dirt":29,"mekanism:basic_mechanical_pipe":1,"exnihilosequentia:cooked_silkworm":15,"occultism:sacrificial_bowl":4,"mekanism:ultimate_fluid_tank":2,"chipped:glassblower":1,"minecraft:grass_block":3,"trashcans:liquid_trash_can":1,"cyclic:collector":4,"occultism:chalk_white":20,"cyclic:melter":3,"minecraft:oak_sapling":14,"minecraft:furnace":1,"clickmachine:auto_clicker":1,"thermal:device_collector":2,"minecraft:cobbled_deepslate":1,"mekanism:ultimate_mechanical_pipe":2,"occultism:datura_seeds":1,"exnihilosequentia:stone_crook":103,"exnihilosequentia:stone_barrel":2,"exnihilosequentia:oak_sieve":1,"minecraft:stonecutter":1,"trashcans:ultimate_trash_can":1,"minecraft:oak_slab":185,"minecraft:crafting_table":2,"chipped:mason_table":2,"minecraft:blast_furnace":2,"tetra:modular_double":15,"minecraft:white_bed":1,"minecraft:campfire":1,"occultism:datura":1,"minecraft:oak_log":28,"thermal:device_tree_extractor":1,"minecraft:apple":8,"tinyredstone:redstone_wrench":5,"minecraft:gravel":53,"mekanism:ultimate_logistical_transporter":5,"occultism:candle_white":4,"minecraft:cobblestone":2,"progressthroughskies:bedrock_gravel":114,"occultism:golden_sacrificial_bowl":1,"cyclic:packager":2,"exnihilosequentia:silkworm":1,"chipped:carpenters_table":2},"minecraft:broken":{"woodenbucket:wooden_bucket":1},"minecraft:dropped":{"minecraft:oak_slab":1,"occultism:datura":1,"minecraft:crafting_table":1,"minecraft:cobblestone":1,"thermal:device_tree_extractor":1,"minecraft:stick":1,"minecraft:polished_andesite":2,"trashcans:ultimate_trash_can":1,"minecraft:dirt":1,"trashcans:energy_trash_can":1,"minecraft:gray_wool":1,"trashcans:liquid_trash_can":1,"tinyredstone:tiny_redstone":1,"theoneprobe:probenote":1,"mekanism:ultimate_thermodynamic_conductor":1,"progressthroughskies:bedrock_gravel":279,"trashcans:item_trash_can":1,"minecraft:polished_deepslate":1,"progressthroughskies:gravel_dust":96,"minecraft:gravel":7,"chipped:mason_table":2,"occultism:sacrificial_bowl":1,"tinyredstone:redstone_panel":2,"mekanism:ultimate_pressurized_tube":1,"thermal:device_collector":3,"theoneprobe:probe":1,"mekanism:ultimate_logistical_transporter":1,"woodenbucket:wooden_bucket":13,"mekanism:ultimate_mechanical_pipe":1,"minecraft:stone":4,"progressthroughskies:bedrock_dust":895,"minecraft:andesite":2,"create:limestone":1,"cyclic:collector":1,"mekanism:logistical_sorter":1,"minecraft:stone_pressure_plate":5,"chipped:tinkering_table":1,"occultism:chalk_white_impure":1,"mekanism:ultimate_universal_cable":1,"cyclic:melter":1},"minecraft:mined":{"trashcans:item_trash_can":1,"thermal:device_collector":2,"chipped:mason_table":1,"cyclic:collector":3,"minecraft:grass_block":3,"minecraft:redstone_wire":4,"cyclic:solidifier":4,"progressthroughskies:bedrock_gravel":114,"minecraft:cobbled_deepslate":1,"mekanism:ultimate_mechanical_pipe":1,"cyclic:melter":2,"trashcans:ultimate_trash_can":1,"minecraft:oak_slab":6,"mekanism:ultimate_fluid_tank":1,"cyclic:packager":1,"exnihilosequentia:stone_barrel":1,"minecraft:blast_furnace":1,"minecraft:chest":4,"minecraft:cobblestone":2,"tetra:basic_workbench":1,"minecraft:oak_log":84,"minecraft:gravel":53,"minecraft:dirt":9,"mekanism:ultimate_logistical_transporter":1,"minecraft:oak_leaves":445,"exnihilosequentia:infested_leaves":44},"minecraft:picked_up":{"tinyredstone:tiny_comparator":4,"minecraft:crafting_table":1,"occultism:chalk_white":1,"cyclic:collector":3,"minecraft:string":167,"quark:paper_wall_big":1,"cyclic:melter":2,"create:limestone":1,"minecraft:cobbled_deepslate":1,"clickmachine:auto_clicker":1,"mekanism:ultimate_mechanical_pipe":1,"minecraft:chest":4,"chipped:mason_table":1,"minecraft:stick":22,"minecraft:stone":1,"tinyredstone:redstone_panel":9,"minecraft:redstone":132,"woodenbucket:wooden_bucket":12,"mekanism:ultimate_logistical_transporter":1,"occultism:datura":2,"minecraft:white_wool":4,"progressthroughskies:bedrock_dust":1739,"minecraft:cobblestone":2,"occultism:golden_sacrificial_bowl":1,"occultism:datura_seeds":7,"minecraft:andesite":4,"thermal:device_collector":2,"tinyredstone:tiny_lever":2,"exnihilosequentia:string_mesh":1,"minecraft:flint":3,"minecraft:oak_log":84,"trashcans:item_trash_can":1,"minecraft:dirt":39,"minecraft:apple":6,"occultism:chalk_white_impure":1,"trashcans:ultimate_trash_can":1,"progressthroughskies:gravel_dust":341,"minecraft:oak_slab":4,"occultism:sacrificial_bowl":5,"mekanism:ultimate_fluid_tank":1,"tinyredstone:tiny_redstone_torch":4,"cyclic:solidifier":4,"minecraft:gravel":49,"tinyredstone:tiny_repeater":1,"minecraft:amethyst_shard":4,"minecraft:blast_furnace":1,"minecraft:grass_block":3,"exnihilosequentia:silkworm":39,"progressthroughskies:sand_dust":110,"exnihilosequentia:cooked_silkworm":16,"morphtool:tool":1,"tinyredstone:tiny_redstone":23,"cyclic:packager":2,"minecraft:gray_wool":1,"minecraft:oak_sapling":41},"minecraft:custom":{"minecraft:interact_with_crafting_table":14,"minecraft:interact_with_campfire":20,"minecraft:leave_game":9,"minecraft:time_since_death":296469,"minecraft:sprint_one_cm":17939,"minecraft:walk_one_cm":339215,"minecraft:drop":87,"minecraft:play_time":296469,"minecraft:sneak_time":15171,"minecraft:walk_under_water_one_cm":1207,"minecraft:jump":1366,"minecraft:interact_with_blast_furnace":9,"minecraft:walk_on_water_one_cm":8337,"minecraft:total_world_time":374564,"minecraft:interact_with_furnace":10,"minecraft:interact_with_stonecutter":7,"minecraft:sleep_in_bed":13,"minecraft:time_since_rest":60539,"minecraft:damage_taken":660,"minecraft:fly_one_cm":25820,"minecraft:open_chest":15,"minecraft:crouch_one_cm":36118,"minecraft:fall_one_cm":23177},"minecraft:crafted":{"minecraft:redstone":2,"minecraft:cobbled_deepslate":35,"tinyredstone:redstone_panel":17,"mekanism:ultimate_mechanical_pipe":2,"minecraft:sand":26,"minecraft:furnace":1,"minecraft:blast_furnace":1,"minecraft:light_gray_wool":4,"minecraft:stone":3,"ilikewood:oak_sawmill":1,"mekanism:logistical_sorter":1,"cyclic:solidifier":1,"tinyredstone:tiny_lever":2,"progressthroughskies:rain_wand":3,"exnihilosequentia:oak_sieve":1,"exnihilosequentia:stone_barrel":1,"cyclic:melter":2,"tinyredstone:tiny_repeater":1,"minecraft:glass":17,"tinyredstone:tiny_comparator":1,"occultism:brush":1,"mekanism:ultimate_logistical_transporter":1,"mekanism:ultimate_universal_cable":1,"exnihilosequentia:stone_crook":4,"minecraft:stone_pressure_plate":44,"tinyredstone:tiny_redstone":84,"minecraft:chest":3,"chipped:tinkering_table":1,"tinyredstone:tiny_solid_block":9,"tetra:modular_double":3,"chipped:mason_table":1,"compressium:gravel_1":2,"mekanism:ultimate_pressurized_tube":1,"minecraft:oak_slab":4,"ilikewood:oak_post":2,"trashcans:liquid_trash_can":1,"minecraft:crafting_table":3,"tinyredstone:redstone_wrench":1,"minecraft:gravel":27,"progressthroughskies:bedrock_gravel":174,"storagedrawers:oak_full_drawers_1":1,"create:sand_paper":1,"chipped:carpenters_table":1,"minecraft:campfire":1,"minecraft:air":0,"minecraft:dispenser":1,"ilikewood:oak_log_pile":2,"compressium:sand_1":2,"minecraft:paper":6,"minecraft:cobblestone":1,"thermal:device_tree_extractor":1,"compressium:cobblestone_1":2,"minecraft:stonecutter":1,"minecraft:white_bed":1,"woodenbucket:wooden_bucket":4,"mekanism:ultimate_thermodynamic_conductor":1,"tinyredstone:tiny_redstone_torch":1,"minecraft:fire_charge":1,"chipped:glassblower":1,"exnihilosequentia:string_mesh":1,"morphtool:tool":2}},"DataVersion":3120}