{"stats":{"minecraft:dropped":{"progressthroughskies:bedrock_dust":1,"integrateddynamics:on_the_dynamics_of_integration":1},"minecraft:custom":{"minecraft:time_since_rest":9569,"minecraft:crouch_one_cm":32,"minecraft:play_time":9569,"minecraft:time_since_death":9569,"minecraft:walk_one_cm":87,"minecraft:sneak_time":52,"minecraft:total_world_time":9720,"minecraft:drop":2},"minecraft:picked_up":{"integrateddynamics:on_the_dynamics_of_integration":1,"progressthroughskies:bedrock_dust":1}},"DataVersion":3120}