{"stats":{"minecraft:crafted":{"minecraft:redstone":2,"minecraft:cobbled_deepslate":35,"tinyredstone:redstone_panel":2,"mekanism:ultimate_mechanical_pipe":2,"minecraft:sand":26,"minecraft:furnace":1,"minecraft:light_gray_wool":4,"minecraft:blast_furnace":1,"minecraft:stone":3,"ilikewood:oak_sawmill":1,"mekanism:logistical_sorter":1,"cyclic:solidifier":1,"tinyredstone:tiny_lever":1,"progressthroughskies:rain_wand":3,"exnihilosequentia:oak_sieve":1,"exnihilosequentia:stone_barrel":1,"cyclic:melter":2,"minecraft:glass":17,"tinyredstone:tiny_comparator":1,"occultism:brush":1,"mekanism:ultimate_logistical_transporter":1,"mekanism:ultimate_universal_cable":1,"exnihilosequentia:stone_crook":4,"minecraft:stone_pressure_plate":13,"tinyredstone:tiny_redstone":40,"minecraft:chest":2,"chipped:tinkering_table":1,"tetra:modular_double":3,"chipped:mason_table":1,"compressium:gravel_1":2,"mekanism:ultimate_pressurized_tube":1,"minecraft:oak_slab":4,"ilikewood:oak_post":2,"minecraft:crafting_table":3,"tinyredstone:redstone_wrench":1,"minecraft:gravel":27,"progressthroughskies:bedrock_gravel":174,"storagedrawers:oak_full_drawers_1":1,"create:sand_paper":1,"chipped:carpenters_table":1,"minecraft:campfire":1,"minecraft:air":0,"minecraft:dispenser":1,"ilikewood:oak_log_pile":2,"compressium:sand_1":2,"minecraft:paper":6,"minecraft:cobblestone":1,"thermal:device_tree_extractor":1,"compressium:cobblestone_1":2,"minecraft:stonecutter":1,"minecraft:white_bed":1,"woodenbucket:wooden_bucket":4,"mekanism:ultimate_thermodynamic_conductor":1,"minecraft:fire_charge":1,"chipped:glassblower":1,"exnihilosequentia:string_mesh":1,"morphtool:tool":2},"minecraft:custom":{"minecraft:interact_with_crafting_table":12,"minecraft:interact_with_campfire":20,"minecraft:leave_game":8,"minecraft:time_since_death":224001,"minecraft:sprint_one_cm":13357,"minecraft:walk_one_cm":263405,"minecraft:drop":77,"minecraft:play_time":224001,"minecraft:sneak_time":12656,"minecraft:walk_under_water_one_cm":1207,"minecraft:jump":1009,"minecraft:interact_with_blast_furnace":8,"minecraft:walk_on_water_one_cm":7561,"minecraft:total_world_time":275825,"minecraft:interact_with_furnace":9,"minecraft:interact_with_stonecutter":6,"minecraft:sleep_in_bed":12,"minecraft:time_since_rest":8938,"minecraft:damage_taken":660,"minecraft:fly_one_cm":19811,"minecraft:open_chest":6,"minecraft:crouch_one_cm":28953,"minecraft:fall_one_cm":15642},"minecraft:broken":{"woodenbucket:wooden_bucket":1},"minecraft:picked_up":{"tinyredstone:tiny_comparator":2,"occultism:chalk_white":1,"cyclic:collector":3,"minecraft:string":167,"quark:paper_wall_big":1,"cyclic:melter":2,"create:limestone":1,"clickmachine:auto_clicker":1,"minecraft:chest":1,"chipped:mason_table":1,"minecraft:stick":22,"minecraft:stone":1,"tinyredstone:redstone_panel":6,"minecraft:redstone":132,"woodenbucket:wooden_bucket":12,"mekanism:ultimate_logistical_transporter":1,"occultism:datura":2,"minecraft:white_wool":4,"progressthroughskies:bedrock_dust":1739,"occultism:golden_sacrificial_bowl":1,"occultism:datura_seeds":7,"minecraft:andesite":4,"thermal:device_collector":2,"tinyredstone:tiny_lever":1,"exnihilosequentia:string_mesh":1,"minecraft:flint":3,"minecraft:oak_log":83,"minecraft:dirt":36,"minecraft:apple":6,"occultism:chalk_white_impure":1,"progressthroughskies:gravel_dust":341,"minecraft:oak_slab":4,"occultism:sacrificial_bowl":5,"tinyredstone:tiny_redstone_torch":3,"cyclic:solidifier":3,"minecraft:gravel":49,"minecraft:amethyst_shard":4,"minecraft:blast_furnace":1,"minecraft:grass_block":3,"exnihilosequentia:silkworm":39,"progressthroughskies:sand_dust":110,"exnihilosequentia:cooked_silkworm":16,"morphtool:tool":1,"tinyredstone:tiny_redstone":15,"cyclic:packager":2,"minecraft:oak_sapling":41},"minecraft:dropped":{"minecraft:oak_slab":1,"occultism:datura":1,"minecraft:crafting_table":1,"minecraft:cobblestone":1,"thermal:device_tree_extractor":1,"minecraft:stick":1,"minecraft:polished_andesite":2,"minecraft:dirt":1,"tinyredstone:tiny_redstone":1,"theoneprobe:probenote":1,"mekanism:ultimate_thermodynamic_conductor":1,"minecraft:polished_deepslate":1,"progressthroughskies:gravel_dust":96,"minecraft:gravel":7,"chipped:mason_table":2,"occultism:sacrificial_bowl":1,"tinyredstone:redstone_panel":2,"mekanism:ultimate_pressurized_tube":1,"thermal:device_collector":3,"theoneprobe:probe":1,"mekanism:ultimate_logistical_transporter":1,"woodenbucket:wooden_bucket":13,"mekanism:ultimate_mechanical_pipe":1,"minecraft:stone":4,"progressthroughskies:bedrock_dust":895,"minecraft:andesite":2,"create:limestone":1,"cyclic:collector":1,"mekanism:logistical_sorter":1,"minecraft:stone_pressure_plate":5,"chipped:tinkering_table":1,"occultism:chalk_white_impure":1,"mekanism:ultimate_universal_cable":1,"cyclic:melter":1},"minecraft:used":{"storagedrawers:oak_full_drawers_1":1,"chipped:tinkering_table":1,"mekanism:configurator":10,"cyclic:solidifier":4,"minecraft:redstone":4,"ilikewood:oak_sawmill":1,"minecraft:chest":2,"tinyredstone:redstone_panel":6,"minecraft:dirt":26,"exnihilosequentia:cooked_silkworm":15,"occultism:sacrificial_bowl":4,"chipped:glassblower":1,"minecraft:grass_block":3,"occultism:chalk_white":20,"cyclic:collector":4,"cyclic:melter":3,"minecraft:oak_sapling":14,"minecraft:furnace":1,"clickmachine:auto_clicker":1,"thermal:device_collector":2,"mekanism:ultimate_mechanical_pipe":1,"occultism:datura_seeds":1,"exnihilosequentia:stone_crook":101,"exnihilosequentia:oak_sieve":1,"exnihilosequentia:stone_barrel":2,"minecraft:stonecutter":1,"minecraft:oak_slab":184,"minecraft:crafting_table":1,"chipped:mason_table":2,"minecraft:blast_furnace":2,"tetra:modular_double":7,"minecraft:white_bed":1,"minecraft:campfire":1,"occultism:datura":1,"minecraft:oak_log":28,"thermal:device_tree_extractor":1,"minecraft:apple":5,"tinyredstone:redstone_wrench":2,"minecraft:gravel":53,"mekanism:ultimate_logistical_transporter":5,"occultism:candle_white":4,"progressthroughskies:bedrock_gravel":114,"occultism:golden_sacrificial_bowl":1,"exnihilosequentia:silkworm":1,"cyclic:packager":2,"chipped:carpenters_table":2},"minecraft:mined":{"thermal:device_collector":2,"chipped:mason_table":1,"cyclic:collector":3,"minecraft:grass_block":3,"minecraft:redstone_wire":4,"cyclic:solidifier":3,"progressthroughskies:bedrock_gravel":114,"cyclic:melter":2,"minecraft:oak_slab":6,"cyclic:packager":1,"exnihilosequentia:stone_barrel":1,"minecraft:blast_furnace":1,"minecraft:chest":1,"minecraft:oak_log":83,"minecraft:gravel":53,"minecraft:dirt":6,"mekanism:ultimate_logistical_transporter":1,"minecraft:oak_leaves":445,"exnihilosequentia:infested_leaves":44}},"DataVersion":3120}