{
  "minecraft:recipes/tools/fishing_rod": {
    "criteria": {
      "has_string": "2023-06-28 13:17:39 +0800"
    },
    "done": true
  },
  "ilikewood:recipes/combat/birch_crossbow": {
    "criteria": {
      "has_string": "2023-06-28 13:17:39 +0800"
    },
    "done": true
  },
  "ilikewood:recipes/tools/stone_acacia_pickaxe": {
    "criteria": {
      "has_material": "2023-06-28 13:11:44 +0800"
    },
    "done": true
  },
  "minecraft:recipes/building_blocks/purple_wool": {
    "criteria": {
      "has_white_wool": "2023-06-28 14:26:45 +0800"
    },
    "done": true
  },
  "ilikewood:recipes/combat/mangrove_bow": {
    "criteria": {
      "has_string": "2023-06-28 13:17:39 +0800"
    },
    "done": true
  },
  "minecraft:recipes/redstone/lever": {
    "criteria": {
      "has_cobblestone": "2023-06-28 13:11:44 +0800"
    },
    "done": true
  },
  "ilikewood:recipes/decorations/acacia_painting": {
    "criteria": {
      "has_wool": "2023-06-28 14:26:45 +0800"
    },
    "done": true
  },
  "minecraft:recipes/building_blocks/cobblestone_stairs_from_cobblestone_stonecutting": {
    "criteria": {
      "has_cobblestone": "2023-06-28 13:11:44 +0800"
    },
    "done": true
  },
  "minecraft:recipes/building_blocks/magenta_concrete_powder": {
    "criteria": {
      "has_sand": "2023-06-28 13:05:24 +0800"
    },
    "done": true
  },
  "ilikewood:recipes/decorations/white_jungle_bed": {
    "criteria": {
      "has_wool": "2023-06-28 14:26:45 +0800"
    },
    "done": true
  },
  "minecraft:recipes/decorations/white_bed": {
    "criteria": {
      "has_white_wool": "2023-06-28 14:26:45 +0800"
    },
    "done": true
  },
  "minecraft:recipes/building_blocks/lime_concrete_powder": {
    "criteria": {
      "has_sand": "2023-06-28 13:05:24 +0800"
    },
    "done": true
  },
  "ilikewood:recipes/combat/crimson_crossbow": {
    "criteria": {
      "has_string": "2023-06-28 13:17:39 +0800"
    },
    "done": true
  },
  "ilikewood:recipes/tools/stone_oak_shovel": {
    "criteria": {
      "has_material": "2023-06-28 13:11:44 +0800"
    },
    "done": true
  },
  "minecraft:recipes/building_blocks/yellow_concrete_powder": {
    "criteria": {
      "has_sand": "2023-06-28 13:05:24 +0800"
    },
    "done": true
  },
  "ilikewood:recipes/tools/stone_mangrove_shovel": {
    "criteria": {
      "has_material": "2023-06-28 13:11:44 +0800"
    },
    "done": true
  },
  "ilikewood:recipes/decorations/light_gray_mangrove_bed": {
    "criteria": {
      "has_wool": "2023-06-28 14:29:29 +0800"
    },
    "done": true
  },
  "tetra:upgrades/repairs": {
    "criteria": {
      "hammer": "2023-06-28 14:19:59 +0800"
    },
    "done": true
  },
  "minecraft:recipes/decorations/campfire": {
    "criteria": {
      "has_stick": "2023-06-28 13:13:06 +0800"
    },
    "done": true
  },
  "minecraft:recipes/decorations/candle": {
    "criteria": {
      "has_string": "2023-06-28 13:17:39 +0800"
    },
    "done": true
  },
  "minecraft:recipes/building_blocks/magenta_wool": {
    "criteria": {
      "has_white_wool": "2023-06-28 14:26:45 +0800"
    },
    "done": true
  },
  "create:recipes/create.palettes/crafting/kinetics/light_gray_seat": {
    "criteria": {
      "has_wool": "2023-06-28 14:26:45 +0800"
    },
    "done": true
  },
  "ilikewood:recipes/tools/stone_birch_sword": {
    "criteria": {
      "has_material": "2023-06-28 13:11:44 +0800"
    },
    "done": true
  },
  "ilikewood:recipes/tools/stone_dark_oak_shovel": {
    "criteria": {
      "has_material": "2023-06-28 13:11:44 +0800"
    },
    "done": true
  },
  "minecraft:recipes/decorations/ladder": {
    "criteria": {
      "has_stick": "2023-06-28 13:13:06 +0800"
    },
    "done": true
  },
  "minecraft:recipes/decorations/chest": {
    "criteria": {
      "has_lots_of_items": "2023-06-28 13:11:44 +0800"
    },
    "done": true
  },
  "minecraft:recipes/building_blocks/brown_concrete_powder": {
    "criteria": {
      "has_sand": "2023-06-28 13:05:24 +0800"
    },
    "done": true
  },
  "minecraft:recipes/decorations/black_bed_from_white_bed": {
    "criteria": {
      "has_bed": "2023-06-28 14:23:34 +0800"
    },
    "done": true
  },
  "create:recipes/create.palettes/crafting/kinetics/blue_seat": {
    "criteria": {
      "has_wool": "2023-06-28 14:26:45 +0800"
    },
    "done": true
  },
  "exnihilosequentia:recipes/exnihilosequentia/ens_oak_crucible": {
    "criteria": {
      "has_logs": "2023-06-28 13:13:05 +0800"
    },
    "done": true
  },
  "minecraft:recipes/tools/wooden_shovel": {
    "criteria": {
      "has_stick": "2023-06-28 13:13:06 +0800"
    },
    "done": true
  },
  "immersiveengineering:recipes/decorations/crafting/torch": {
    "criteria": {
      "has_stick": "2023-06-28 13:13:06 +0800"
    },
    "done": true
  },
  "ilikewood:recipes/decorations/light_gray_dark_oak_bed": {
    "criteria": {
      "has_wool": "2023-06-28 14:29:29 +0800"
    },
    "done": true
  },
  "farmersdelight:recipes/farmersdelight/stove": {
    "criteria": {
      "has_campfire": "2023-06-28 14:03:10 +0800"
    },
    "done": true
  },
  "minecraft:recipes/building_blocks/cyan_wool": {
    "criteria": {
      "has_white_wool": "2023-06-28 14:26:45 +0800"
    },
    "done": true
  },
  "ilikewood:recipes/decorations/oak_post": {
    "criteria": {
      "has_log": "2023-06-28 13:13:04 +0800"
    },
    "done": true
  },
  "ilikewood:recipes/combat/spruce_bow": {
    "criteria": {
      "has_string": "2023-06-28 13:17:39 +0800"
    },
    "done": true
  },
  "ilikewood:recipes/decorations/warped_painting": {
    "criteria": {
      "has_wool": "2023-06-28 14:26:45 +0800"
    },
    "done": true
  },
  "ilikewood:recipes/decorations/birch_painting": {
    "criteria": {
      "has_wool": "2023-06-28 14:26:45 +0800"
    },
    "done": true
  },
  "create:recipes/create.palettes/crafting/kinetics/yellow_seat": {
    "criteria": {
      "has_wool": "2023-06-28 14:26:45 +0800"
    },
    "done": true
  },
  "ilikewood:recipes/tools/acacia_fishing_rod": {
    "criteria": {
      "has_string": "2023-06-28 13:17:39 +0800"
    },
    "done": true
  },
  "ilikewood:recipes/tools/stone_oak_sword": {
    "criteria": {
      "has_material": "2023-06-28 13:11:44 +0800"
    },
    "done": true
  },
  "minecraft:recipes/building_blocks/gray_wool": {
    "criteria": {
      "has_white_wool": "2023-06-28 14:26:45 +0800"
    },
    "done": true
  },
  "ilikewood:recipes/building_blocks/oak_slab_from_oak_log_sawmilling": {
    "criteria": {
      "has_oak_log": "2023-06-28 13:13:04 +0800"
    },
    "done": true
  },
  "minecraft:recipes/tools/wooden_hoe": {
    "criteria": {
      "has_stick": "2023-06-28 13:13:06 +0800"
    },
    "done": true
  },
  "ilikewood:recipes/tools/stone_warped_hoe": {
    "criteria": {
      "has_material": "2023-06-28 13:11:44 +0800"
    },
    "done": true
  },
  "ilikewood:recipes/tools/stone_dark_oak_hoe": {
    "criteria": {
      "has_material": "2023-06-28 13:11:44 +0800"
    },
    "done": true
  },
  "minecraft:recipes/building_blocks/cobblestone_slab": {
    "criteria": {
      "has_cobblestone": "2023-06-28 13:11:44 +0800"
    },
    "done": true
  },
  "ilikewood:recipes/decorations/crimson_painting": {
    "criteria": {
      "has_wool": "2023-06-28 14:26:45 +0800"
    },
    "done": true
  },
  "minecraft:recipes/building_blocks/cobblestone_stairs": {
    "criteria": {
      "has_cobblestone": "2023-06-28 13:11:44 +0800"
    },
    "done": true
  },
  "ilikewood:recipes/decorations/jungle_torch": {
    "criteria": {
      "has_coal": "2023-06-28 14:02:36 +0800"
    },
    "done": true
  },
  "ilikewood:recipes/combat/birch_bow": {
    "criteria": {
      "has_string": "2023-06-28 13:17:39 +0800"
    },
    "done": true
  },
  "minecraft:recipes/decorations/yellow_bed_from_white_bed": {
    "criteria": {
      "has_bed": "2023-06-28 14:23:34 +0800"
    },
    "done": true
  },
  "ilikewood:recipes/tools/stone_oak_hoe": {
    "criteria": {
      "has_material": "2023-06-28 13:11:44 +0800"
    },
    "done": true
  },
  "minecraft:recipes/building_blocks/coarse_dirt": {
    "criteria": {
      "has_gravel": "2023-06-28 13:05:26 +0800"
    },
    "done": true
  },
  "create:recipes/create.palettes/crafting/kinetics/lime_seat": {
    "criteria": {
      "has_wool": "2023-06-28 14:26:45 +0800"
    },
    "done": true
  },
  "ilikewood:recipes/combat/oak_bow": {
    "criteria": {
      "has_string": "2023-06-28 13:17:39 +0800"
    },
    "done": true
  },
  "integrateddynamics:root": {
    "criteria": {
      "criteria_0": "2023-06-28 13:03:16 +0800"
    },
    "done": true
  },
  "minecraft:recipes/decorations/white_banner": {
    "criteria": {
      "has_white_wool": "2023-06-28 14:26:45 +0800"
    },
    "done": true
  },
  "ilikewood:recipes/decorations/spruce_painting": {
    "criteria": {
      "has_wool": "2023-06-28 14:26:45 +0800"
    },
    "done": true
  },
  "minecraft:recipes/building_blocks/light_gray_concrete_powder": {
    "criteria": {
      "has_sand": "2023-06-28 13:05:24 +0800"
    },
    "done": true
  },
  "minecraft:recipes/building_blocks/light_blue_concrete_powder": {
    "criteria": {
      "has_sand": "2023-06-28 13:05:24 +0800"
    },
    "done": true
  },
  "ilikewood:recipes/decorations/oak_torch": {
    "criteria": {
      "has_coal": "2023-06-28 14:02:36 +0800"
    },
    "done": true
  },
  "ilikewood:recipes/combat/oak_crossbow": {
    "criteria": {
      "has_string": "2023-06-28 13:17:39 +0800"
    },
    "done": true
  },
  "ilikewood:recipes/decorations/birch_torch": {
    "criteria": {
      "has_coal": "2023-06-28 14:02:36 +0800"
    },
    "done": true
  },
  "ilikewood:recipes/decorations/mangrove_torch": {
    "criteria": {
      "has_coal": "2023-06-28 14:02:36 +0800"
    },
    "done": true
  },
  "minecraft:recipes/building_blocks/glass": {
    "criteria": {
      "has_sand": "2023-06-28 13:05:24 +0800"
    },
    "done": true
  },
  "exnihilosequentia:recipes/exnihilosequentia/ens_dripstone_hammer": {
    "criteria": {
      "has_stick": "2023-06-28 13:13:06 +0800"
    },
    "done": true
  },
  "create:recipes/create.palettes/crafting/kinetics/white_seat": {
    "criteria": {
      "has_wool": "2023-06-28 14:26:45 +0800"
    },
    "done": true
  },
  "minecraft:recipes/building_blocks/gravel_dust_to_gravel": {
    "criteria": {
      "has_gravel_dust": "2023-06-28 13:03:51 +0800"
    },
    "done": true
  },
  "minecraft:recipes/building_blocks/pink_concrete_powder": {
    "criteria": {
      "has_sand": "2023-06-28 13:05:24 +0800"
    },
    "done": true
  },
  "exnihilosequentia:recipes/exnihilosequentia/ens_beehive_frame": {
    "criteria": {
      "has_stick": "2023-06-28 13:13:06 +0800"
    },
    "done": true
  },
  "minecraft:recipes/combat/bow": {
    "criteria": {
      "has_string": "2023-06-28 13:17:39 +0800"
    },
    "done": true
  },
  "ilikewood:recipes/misc/stick_from_oak_log_sawmilling": {
    "criteria": {
      "has_oak_log": "2023-06-28 13:13:04 +0800"
    },
    "done": true
  },
  "minecraft:recipes/building_blocks/purple_concrete_powder": {
    "criteria": {
      "has_sand": "2023-06-28 13:05:24 +0800"
    },
    "done": true
  },
  "minecraft:recipes/decorations/magenta_bed_from_white_bed": {
    "criteria": {
      "has_bed": "2023-06-28 14:23:34 +0800"
    },
    "done": true
  },
  "exnihilosequentia:recipes/exnihilosequentia/ens_flint_mesh": {
    "criteria": {
      "has_mesh": "2023-06-28 13:20:32 +0800"
    },
    "done": true
  },
  "exnihilosequentia:recipes/exnihilosequentia/ens_cooked_silkworm_blast": {
    "criteria": {
      "has_silkworm": "2023-06-28 13:15:05 +0800"
    },
    "done": true
  },
  "minecraft:recipes/decorations/orange_bed_from_white_bed": {
    "criteria": {
      "has_bed": "2023-06-28 14:23:34 +0800"
    },
    "done": true
  },
  "exnihilosequentia:recipes/exnihilosequentia/ens_tuff_hammer": {
    "criteria": {
      "has_stick": "2023-06-28 13:13:06 +0800"
    },
    "done": true
  },
  "minecraft:recipes/building_blocks/blue_wool": {
    "criteria": {
      "has_white_wool": "2023-06-28 14:26:45 +0800"
    },
    "done": true
  },
  "ilikewood:recipes/tools/stone_crimson_hoe": {
    "criteria": {
      "has_material": "2023-06-28 13:11:44 +0800"
    },
    "done": true
  },
  "ilikewood:recipes/decorations/light_gray_acacia_bed": {
    "criteria": {
      "has_wool": "2023-06-28 14:29:29 +0800"
    },
    "done": true
  },
  "ilikewood:recipes/tools/stone_acacia_axe": {
    "criteria": {
      "has_material": "2023-06-28 13:11:44 +0800"
    },
    "done": true
  },
  "ilikewood:recipes/tools/warped_fishing_rod": {
    "criteria": {
      "has_string": "2023-06-28 13:17:39 +0800"
    },
    "done": true
  },
  "minecraft:story/mine_stone": {
    "criteria": {
      "get_stone": "2023-06-28 13:11:44 +0800"
    },
    "done": true
  },
  "minecraft:recipes/decorations/furnace": {
    "criteria": {
      "has_cobblestone": "2023-06-28 13:11:44 +0800"
    },
    "done": true
  },
  "ilikewood:recipes/tools/stone_birch_shovel": {
    "criteria": {
      "has_material": "2023-06-28 13:11:44 +0800"
    },
    "done": true
  },
  "ilikewood:recipes/decorations/dark_oak_torch": {
    "criteria": {
      "has_coal": "2023-06-28 14:02:36 +0800"
    },
    "done": true
  },
  "minecraft:recipes/building_blocks/sandstone": {
    "criteria": {
      "has_sand": "2023-06-28 13:05:24 +0800"
    },
    "done": true
  },
  "minecraft:recipes/misc/charcoal": {
    "criteria": {
      "has_log": "2023-06-28 13:13:04 +0800"
    },
    "done": true
  },
  "minecraft:recipes/building_blocks/orange_wool": {
    "criteria": {
      "has_white_wool": "2023-06-28 14:26:45 +0800"
    },
    "done": true
  },
  "minecraft:recipes/tools/wooden_pickaxe": {
    "criteria": {
      "has_stick": "2023-06-28 13:13:06 +0800"
    },
    "done": true
  },
  "minecraft:recipes/building_blocks/cobblestone_slab_from_cobblestone_stonecutting": {
    "criteria": {
      "has_cobblestone": "2023-06-28 13:11:44 +0800"
    },
    "done": true
  },
  "create:recipes/create.palettes/crafting/kinetics/green_seat": {
    "criteria": {
      "has_wool": "2023-06-28 14:26:45 +0800"
    },
    "done": true
  },
  "ilikewood:recipes/decorations/light_gray_crimson_bed": {
    "criteria": {
      "has_wool": "2023-06-28 14:29:29 +0800"
    },
    "done": true
  },
  "ilikewood:recipes/tools/stone_warped_axe": {
    "criteria": {
      "has_material": "2023-06-28 13:11:44 +0800"
    },
    "done": true
  },
  "exnihilosequentia:recipes/exnihilosequentia/ens_basalt_hammer": {
    "criteria": {
      "has_stick": "2023-06-28 13:13:06 +0800"
    },
    "done": true
  },
  "minecraft:husbandry/root": {
    "criteria": {
      "consumed_item": "2023-06-28 14:05:41 +0800"
    },
    "done": true
  },
  "ilikewood:recipes/combat/acacia_crossbow": {
    "criteria": {
      "has_string": "2023-06-28 13:17:39 +0800"
    },
    "done": true
  },
  "create:recipes/create.palettes/crafting/kinetics/red_seat": {
    "criteria": {
      "has_wool": "2023-06-28 14:26:45 +0800"
    },
    "done": true
  },
  "minecraft:recipes/building_blocks/green_concrete_powder": {
    "criteria": {
      "has_sand": "2023-06-28 13:05:24 +0800"
    },
    "done": true
  },
  "create:recipes/create.palettes/crafting/kinetics/purple_seat": {
    "criteria": {
      "has_wool": "2023-06-28 14:26:45 +0800"
    },
    "done": true
  },
  "exnihilosequentia:recipes/exnihilosequentia/ens_andesite_hammer": {
    "criteria": {
      "has_stick": "2023-06-28 13:13:06 +0800"
    },
    "done": true
  },
  "farmersdelight:recipes/farmersdelight/cutting_board": {
    "criteria": {
      "has_stick": "2023-06-28 13:13:06 +0800"
    },
    "done": true
  },
  "ilikewood:recipes/decorations/white_acacia_bed": {
    "criteria": {
      "has_wool": "2023-06-28 14:26:45 +0800"
    },
    "done": true
  },
  "minecraft:recipes/decorations/cyan_bed_from_white_bed": {
    "criteria": {
      "has_bed": "2023-06-28 14:23:34 +0800"
    },
    "done": true
  },
  "ilikewood:recipes/decorations/jungle_campfire": {
    "criteria": {
      "has_coal": "2023-06-28 14:02:36 +0800"
    },
    "done": true
  },
  "ilikewood:recipes/decorations/light_gray_warped_bed": {
    "criteria": {
      "has_wool": "2023-06-28 14:29:29 +0800"
    },
    "done": true
  },
  "ilikewood:recipes/tools/stone_dark_oak_pickaxe": {
    "criteria": {
      "has_material": "2023-06-28 13:11:44 +0800"
    },
    "done": true
  },
  "minecraft:recipes/decorations/gray_bed_from_white_bed": {
    "criteria": {
      "has_bed": "2023-06-28 14:23:34 +0800"
    },
    "done": true
  },
  "minecraft:recipes/building_blocks/white_concrete_powder": {
    "criteria": {
      "has_sand": "2023-06-28 13:05:24 +0800"
    },
    "done": true
  },
  "ilikewood:recipes/tools/birch_fishing_rod": {
    "criteria": {
      "has_string": "2023-06-28 13:17:39 +0800"
    },
    "done": true
  },
  "farmersdelight:main/root": {
    "criteria": {
      "seeds": "2023-06-28 13:03:16 +0800"
    },
    "done": true
  },
  "ilikewood:recipes/combat/acacia_bow": {
    "criteria": {
      "has_string": "2023-06-28 13:17:39 +0800"
    },
    "done": true
  },
  "minecraft:recipes/decorations/lime_bed_from_white_bed": {
    "criteria": {
      "has_bed": "2023-06-28 14:23:34 +0800"
    },
    "done": true
  },
  "minecraft:recipes/building_blocks/sand_dust_to_sand": {
    "criteria": {
      "has_sand_dust": "2023-06-28 13:03:51 +0800"
    },
    "done": true
  },
  "minecraft:recipes/tools/stone_hoe": {
    "criteria": {
      "has_cobblestone": "2023-06-28 13:11:44 +0800"
    },
    "done": true
  },
  "minecraft:recipes/building_blocks/white_wool_from_string": {
    "criteria": {
      "has_string": "2023-06-28 13:17:39 +0800"
    },
    "done": true
  },
  "ilikewood:recipes/tools/crimson_fishing_rod": {
    "criteria": {
      "has_string": "2023-06-28 13:17:39 +0800"
    },
    "done": true
  },
  "exnihilosequentia:recipes/exnihilosequentia/ens_cooked_silkworm": {
    "criteria": {
      "has_silkworm": "2023-06-28 13:15:05 +0800"
    },
    "done": true
  },
  "create:recipes/create.palettes/crafting/kinetics/light_blue_seat": {
    "criteria": {
      "has_wool": "2023-06-28 14:26:45 +0800"
    },
    "done": true
  },
  "ae2:recipes/ae2.main/network/blocks/crank": {
    "criteria": {
      "has_stick": "2023-06-28 13:13:06 +0800"
    },
    "done": true
  },
  "ilikewood:recipes/decorations/mangrove_campfire": {
    "criteria": {
      "has_coal": "2023-06-28 14:02:36 +0800"
    },
    "done": true
  },
  "minecraft:recipes/decorations/green_bed_from_white_bed": {
    "criteria": {
      "has_bed": "2023-06-28 14:23:34 +0800"
    },
    "done": true
  },
  "mekanism:root": {
    "criteria": {
      "automatic": "2023-06-28 13:02:58 +0800"
    },
    "done": true
  },
  "ilikewood:recipes/tools/stone_jungle_shovel": {
    "criteria": {
      "has_material": "2023-06-28 13:11:44 +0800"
    },
    "done": true
  },
  "exnihilosequentia:recipes/exnihilosequentia/ens_granite_hammer": {
    "criteria": {
      "has_stick": "2023-06-28 13:13:06 +0800"
    },
    "done": true
  },
  "exnihilosequentia:recipes/exnihilosequentia/ens_stone_hammer": {
    "criteria": {
      "has_material": "2023-06-28 13:11:44 +0800"
    },
    "done": true
  },
  "exnihilosequentia:recipes/exnihilosequentia/ens_cooked_silkworm_from_campfire": {
    "criteria": {
      "has_silkworm": "2023-06-28 13:15:05 +0800"
    },
    "done": true
  },
  "ilikewood:recipes/tools/stone_jungle_pickaxe": {
    "criteria": {
      "has_material": "2023-06-28 13:11:44 +0800"
    },
    "done": true
  },
  "ilikewood:recipes/decorations/jungle_painting": {
    "criteria": {
      "has_wool": "2023-06-28 14:26:45 +0800"
    },
    "done": true
  },
  "ilikewood:recipes/tools/stone_mangrove_axe": {
    "criteria": {
      "has_material": "2023-06-28 13:11:44 +0800"
    },
    "done": true
  },
  "minecraft:recipes/decorations/pink_bed_from_white_bed": {
    "criteria": {
      "has_bed": "2023-06-28 14:23:34 +0800"
    },
    "done": true
  },
  "minecraft:recipes/decorations/white_carpet": {
    "criteria": {
      "has_white_wool": "2023-06-28 14:26:45 +0800"
    },
    "done": true
  },
  "exnihilosequentia:recipes/exnihilosequentia/ens_wooden_hammer": {
    "criteria": {
      "has_stick": "2023-06-28 13:13:06 +0800"
    },
    "done": true
  },
  "create:root": {
    "criteria": {
      "0": "2023-06-28 13:03:16 +0800"
    },
    "done": true
  },
  "ilikewood:recipes/tools/stone_acacia_shovel": {
    "criteria": {
      "has_material": "2023-06-28 13:11:44 +0800"
    },
    "done": true
  },
  "ilikewood:recipes/decorations/warped_torch": {
    "criteria": {
      "has_coal": "2023-06-28 14:02:36 +0800"
    },
    "done": true
  },
  "exnihilosequentia:recipes/exnihilosequentia/ens_cooked_silkworm_from_smoker": {
    "criteria": {
      "has_silkworm": "2023-06-28 13:15:05 +0800"
    },
    "done": true
  },
  "ilikewood:recipes/decorations/acacia_torch": {
    "criteria": {
      "has_coal": "2023-06-28 14:02:36 +0800"
    },
    "done": true
  },
  "ilikewood:recipes/combat/warped_crossbow": {
    "criteria": {
      "has_string": "2023-06-28 13:17:39 +0800"
    },
    "done": true
  },
  "ilikewood:recipes/decorations/white_spruce_bed": {
    "criteria": {
      "has_wool": "2023-06-28 14:26:45 +0800"
    },
    "done": true
  },
  "ilikewood:recipes/tools/stone_jungle_hoe": {
    "criteria": {
      "has_material": "2023-06-28 13:11:44 +0800"
    },
    "done": true
  },
  "ilikewood:recipes/tools/stone_birch_pickaxe": {
    "criteria": {
      "has_material": "2023-06-28 13:11:44 +0800"
    },
    "done": true
  },
  "exnihilosequentia:recipes/exnihilosequentia/ens_diorite_hammer": {
    "criteria": {
      "has_stick": "2023-06-28 13:13:06 +0800"
    },
    "done": true
  },
  "minecraft:recipes/decorations/blue_bed_from_white_bed": {
    "criteria": {
      "has_bed": "2023-06-28 14:23:34 +0800"
    },
    "done": true
  },
  "minecraft:recipes/building_blocks/orange_concrete_powder": {
    "criteria": {
      "has_sand": "2023-06-28 13:05:24 +0800"
    },
    "done": true
  },
  "minecraft:recipes/building_blocks/cyan_concrete_powder": {
    "criteria": {
      "has_sand": "2023-06-28 13:05:24 +0800"
    },
    "done": true
  },
  "ilikewood:recipes/combat/dark_oak_crossbow": {
    "criteria": {
      "has_string": "2023-06-28 13:17:39 +0800"
    },
    "done": true
  },
  "ilikewood:recipes/decorations/white_mangrove_bed": {
    "criteria": {
      "has_wool": "2023-06-28 14:26:45 +0800"
    },
    "done": true
  },
  "ilikewood:recipes/tools/spruce_fishing_rod": {
    "criteria": {
      "has_string": "2023-06-28 13:17:39 +0800"
    },
    "done": true
  },
  "tetra:upgrades/root": {
    "criteria": {
      "hammer": "2023-06-28 14:19:59 +0800"
    },
    "done": true
  },
  "minecraft:recipes/tools/wooden_axe": {
    "criteria": {
      "has_stick": "2023-06-28 13:13:06 +0800"
    },
    "done": true
  },
  "minecraft:recipes/building_blocks/lime_wool": {
    "criteria": {
      "has_white_wool": "2023-06-28 14:26:45 +0800"
    },
    "done": true
  },
  "ilikewood:recipes/decorations/white_crimson_bed": {
    "criteria": {
      "has_wool": "2023-06-28 14:26:45 +0800"
    },
    "done": true
  },
  "ilikewood:recipes/decorations/acacia_campfire": {
    "criteria": {
      "has_coal": "2023-06-28 14:02:36 +0800"
    },
    "done": true
  },
  "ilikewood:recipes/decorations/light_gray_jungle_bed": {
    "criteria": {
      "has_wool": "2023-06-28 14:29:29 +0800"
    },
    "done": true
  },
  "minecraft:recipes/building_blocks/black_wool": {
    "criteria": {
      "has_white_wool": "2023-06-28 14:26:45 +0800"
    },
    "done": true
  },
  "create:recipes/create.palettes/crafting/kinetics/gray_seat": {
    "criteria": {
      "has_wool": "2023-06-28 14:26:45 +0800"
    },
    "done": true
  },
  "minecraft:recipes/decorations/loom": {
    "criteria": {
      "has_string": "2023-06-28 13:17:39 +0800"
    },
    "done": true
  },
  "ilikewood:recipes/decorations/warped_campfire": {
    "criteria": {
      "has_coal": "2023-06-28 14:02:36 +0800"
    },
    "done": true
  },
  "minecraft:recipes/building_blocks/green_wool": {
    "criteria": {
      "has_white_wool": "2023-06-28 14:26:45 +0800"
    },
    "done": true
  },
  "ilikewood:recipes/decorations/birch_campfire": {
    "criteria": {
      "has_coal": "2023-06-28 14:02:36 +0800"
    },
    "done": true
  },
  "ilikewood:recipes/tools/stone_oak_axe": {
    "criteria": {
      "has_material": "2023-06-28 13:11:44 +0800"
    },
    "done": true
  },
  "ilikewood:recipes/tools/stone_mangrove_pickaxe": {
    "criteria": {
      "has_material": "2023-06-28 13:11:44 +0800"
    },
    "done": true
  },
  "minecraft:recipes/building_blocks/brown_wool": {
    "criteria": {
      "has_white_wool": "2023-06-28 14:26:45 +0800"
    },
    "done": true
  },
  "compressium:recipes/compressium/cobblestone_1": {
    "criteria": {
      "has_cobblestone": "2023-06-28 13:11:44 +0800"
    },
    "done": true
  },
  "ilikewood:recipes/building_blocks/stripped_oak_log_from_oak_log_sawmilling": {
    "criteria": {
      "has_oak_log": "2023-06-28 13:13:04 +0800"
    },
    "done": true
  },
  "minecraft:recipes/decorations/light_gray_bed": {
    "criteria": {
      "has_light_gray_wool": "2023-06-28 14:29:29 +0800"
    },
    "done": true
  },
  "minecraft:recipes/decorations/painting": {
    "criteria": {
      "has_wool": "2023-06-28 14:26:45 +0800"
    },
    "done": true
  },
  "ilikewood:recipes/tools/stone_dark_oak_sword": {
    "criteria": {
      "has_material": "2023-06-28 13:11:44 +0800"
    },
    "done": true
  },
  "ilikewood:recipes/decorations/crimson_torch": {
    "criteria": {
      "has_coal": "2023-06-28 14:02:36 +0800"
    },
    "done": true
  },
  "ilikewood:recipes/tools/stone_oak_pickaxe": {
    "criteria": {
      "has_material": "2023-06-28 13:11:44 +0800"
    },
    "done": true
  },
  "compressium:recipes/compressium/dirt_1": {
    "criteria": {
      "has_dirt": "2023-06-28 13:12:24 +0800"
    },
    "done": true
  },
  "woodenbucket:recipes/misc/wooden_bucket": {
    "criteria": {
      "has_log": "2023-06-28 13:13:04 +0800"
    },
    "done": true
  },
  "exnihilosequentia:recipes/exnihilosequentia/ens_iron_hammer": {
    "criteria": {
      "has_stick": "2023-06-28 13:13:06 +0800"
    },
    "done": true
  },
  "ilikewood:recipes/decorations/mangrove_painting": {
    "criteria": {
      "has_wool": "2023-06-28 14:26:45 +0800"
    },
    "done": true
  },
  "create:recipes/create.palettes/crafting/kinetics/cyan_seat": {
    "criteria": {
      "has_wool": "2023-06-28 14:26:45 +0800"
    },
    "done": true
  },
  "ilikewood:recipes/tools/stone_jungle_axe": {
    "criteria": {
      "has_material": "2023-06-28 13:11:44 +0800"
    },
    "done": true
  },
  "minecraft:recipes/building_blocks/light_blue_wool": {
    "criteria": {
      "has_white_wool": "2023-06-28 14:26:45 +0800"
    },
    "done": true
  },
  "minecraft:recipes/tools/stone_shovel": {
    "criteria": {
      "has_cobblestone": "2023-06-28 13:11:44 +0800"
    },
    "done": true
  },
  "minecraft:recipes/combat/wooden_sword": {
    "criteria": {
      "has_stick": "2023-06-28 13:13:06 +0800"
    },
    "done": true
  },
  "ilikewood:recipes/decorations/oak_wall": {
    "criteria": {
      "has_log": "2023-06-28 13:13:04 +0800"
    },
    "done": true
  },
  "minecraft:recipes/building_blocks/oak_planks": {
    "criteria": {
      "has_logs": "2023-06-28 13:13:04 +0800"
    },
    "done": true
  },
  "minecraft:recipes/building_blocks/blue_concrete_powder": {
    "criteria": {
      "has_sand": "2023-06-28 13:05:24 +0800"
    },
    "done": true
  },
  "tetra:upgrades/double_headed": {
    "criteria": {
      "hammer": "2023-06-28 14:19:59 +0800"
    },
    "done": true
  },
  "minecraft:recipes/building_blocks/gray_concrete_powder": {
    "criteria": {
      "has_sand": "2023-06-28 13:05:24 +0800"
    },
    "done": true
  },
  "ilikewood:recipes/decorations/oak_log_pile": {
    "criteria": {
      "has_post": "2023-06-28 14:18:15 +0800"
    },
    "done": true
  },
  "minecraft:recipes/decorations/light_gray_banner": {
    "criteria": {
      "has_light_gray_wool": "2023-06-28 14:29:29 +0800"
    },
    "done": true
  },
  "ilikewood:recipes/tools/stone_birch_hoe": {
    "criteria": {
      "has_material": "2023-06-28 13:11:44 +0800"
    },
    "done": true
  },
  "ilikewood:recipes/combat/crimson_bow": {
    "criteria": {
      "has_string": "2023-06-28 13:17:39 +0800"
    },
    "done": true
  },
  "create:recipes/create.palettes/crafting/kinetics/brown_seat": {
    "criteria": {
      "has_wool": "2023-06-28 14:26:45 +0800"
    },
    "done": true
  },
  "ilikewood:recipes/decorations/crimson_campfire": {
    "criteria": {
      "has_coal": "2023-06-28 14:02:36 +0800"
    },
    "done": true
  },
  "exnihilosequentia:recipes/exnihilosequentia/ens_blackstone_hammer": {
    "criteria": {
      "has_stick": "2023-06-28 13:13:06 +0800"
    },
    "done": true
  },
  "create:recipes/create.palettes/crafting/kinetics/magenta_seat": {
    "criteria": {
      "has_wool": "2023-06-28 14:26:45 +0800"
    },
    "done": true
  },
  "ilikewood:recipes/decorations/light_gray_birch_bed": {
    "criteria": {
      "has_wool": "2023-06-28 14:29:29 +0800"
    },
    "done": true
  },
  "ilikewood:recipes/decorations/white_dark_oak_bed": {
    "criteria": {
      "has_wool": "2023-06-28 14:26:45 +0800"
    },
    "done": true
  },
  "minecraft:recipes/redstone/tripwire_hook": {
    "criteria": {
      "has_string": "2023-06-28 13:17:39 +0800"
    },
    "done": true
  },
  "ilikewood:recipes/decorations/white_birch_bed": {
    "criteria": {
      "has_wool": "2023-06-28 14:26:45 +0800"
    },
    "done": true
  },
  "ilikewood:recipes/combat/warped_bow": {
    "criteria": {
      "has_string": "2023-06-28 13:17:39 +0800"
    },
    "done": true
  },
  "create:recipes/create.palettes/crafting/kinetics/black_seat": {
    "criteria": {
      "has_wool": "2023-06-28 14:26:45 +0800"
    },
    "done": true
  },
  "minecraft:recipes/building_blocks/black_concrete_powder": {
    "criteria": {
      "has_sand": "2023-06-28 13:05:24 +0800"
    },
    "done": true
  },
  "exnihilosequentia:recipes/exnihilosequentia/ens_wooden_crook": {
    "criteria": {
      "has_pebble": "2023-06-28 13:13:06 +0800"
    },
    "done": true
  },
  "ilikewood:recipes/tools/stone_acacia_sword": {
    "criteria": {
      "has_material": "2023-06-28 13:11:44 +0800"
    },
    "done": true
  },
  "ilikewood:recipes/tools/stone_dark_oak_axe": {
    "criteria": {
      "has_material": "2023-06-28 13:11:44 +0800"
    },
    "done": true
  },
  "ilikewood:recipes/tools/mangrove_fishing_rod": {
    "criteria": {
      "has_string": "2023-06-28 13:17:39 +0800"
    },
    "done": true
  },
  "ilikewood:recipes/tools/stone_warped_shovel": {
    "criteria": {
      "has_material": "2023-06-28 13:11:44 +0800"
    },
    "done": true
  },
  "ilikewood:recipes/decorations/spruce_torch": {
    "criteria": {
      "has_coal": "2023-06-28 14:02:36 +0800"
    },
    "done": true
  },
  "ilikewood:recipes/decorations/light_gray_oak_bed": {
    "criteria": {
      "has_wool": "2023-06-28 14:29:29 +0800"
    },
    "done": true
  },
  "ilikewood:recipes/tools/stone_spruce_hoe": {
    "criteria": {
      "has_material": "2023-06-28 13:11:44 +0800"
    },
    "done": true
  },
  "compressium:recipes/compressium/gravel_1": {
    "criteria": {
      "has_gravel": "2023-06-28 13:05:26 +0800"
    },
    "done": true
  },
  "compressium:recipes/compressium/gravel_2": {
    "criteria": {
      "has_compressed_gravel_x1": "2023-06-28 13:11:40 +0800"
    },
    "done": true
  },
  "minecraft:recipes/building_blocks/oak_wood": {
    "criteria": {
      "has_log": "2023-06-28 13:13:04 +0800"
    },
    "done": true
  },
  "minecraft:recipes/combat/crossbow": {
    "criteria": {
      "has_stick": "2023-06-28 13:13:06 +0800"
    },
    "done": true
  },
  "ilikewood:recipes/tools/dark_oak_fishing_rod": {
    "criteria": {
      "has_string": "2023-06-28 13:17:39 +0800"
    },
    "done": true
  },
  "minecraft:recipes/building_blocks/yellow_wool": {
    "criteria": {
      "has_white_wool": "2023-06-28 14:26:45 +0800"
    },
    "done": true
  },
  "create:recipes/create.palettes/crafting/kinetics/orange_seat": {
    "criteria": {
      "has_wool": "2023-06-28 14:26:45 +0800"
    },
    "done": true
  },
  "ilikewood:recipes/tools/stone_warped_sword": {
    "criteria": {
      "has_material": "2023-06-28 13:11:44 +0800"
    },
    "done": true
  },
  "ilikewood:recipes/tools/stone_crimson_sword": {
    "criteria": {
      "has_material": "2023-06-28 13:11:44 +0800"
    },
    "done": true
  },
  "exnihilosequentia:recipes/exnihilosequentia/ens_calcite_hammer": {
    "criteria": {
      "has_stick": "2023-06-28 13:13:06 +0800"
    },
    "done": true
  },
  "ilikewood:recipes/combat/jungle_crossbow": {
    "criteria": {
      "has_string": "2023-06-28 13:17:39 +0800"
    },
    "done": true
  },
  "ilikewood:recipes/tools/stone_crimson_shovel": {
    "criteria": {
      "has_material": "2023-06-28 13:11:44 +0800"
    },
    "done": true
  },
  "tetra:recipes/string": {
    "criteria": {
      "got_string": "2023-06-28 13:17:39 +0800"
    },
    "done": true
  },
  "ilikewood:recipes/decorations/spruce_campfire": {
    "criteria": {
      "has_coal": "2023-06-28 14:02:36 +0800"
    },
    "done": true
  },
  "ilikewood:recipes/decorations/white_oak_bed": {
    "criteria": {
      "has_wool": "2023-06-28 14:26:45 +0800"
    },
    "done": true
  },
  "compressium:recipes/building_blocks/sand_1_uncraft": {
    "criteria": {
      "has_compressed_sand_x1": "2023-06-28 13:11:06 +0800"
    },
    "done": true
  },
  "minecraft:recipes/building_blocks/red_concrete_powder": {
    "criteria": {
      "has_sand": "2023-06-28 13:05:24 +0800"
    },
    "done": true
  },
  "minecraft:recipes/decorations/light_blue_bed_from_white_bed": {
    "criteria": {
      "has_bed": "2023-06-28 14:23:34 +0800"
    },
    "done": true
  },
  "ilikewood:recipes/tools/stone_crimson_pickaxe": {
    "criteria": {
      "has_material": "2023-06-28 13:11:44 +0800"
    },
    "done": true
  },
  "exnihilosequentia:recipes/exnihilosequentia/ens_nether_brick_hammer": {
    "criteria": {
      "has_stick": "2023-06-28 13:13:06 +0800"
    },
    "done": true
  },
  "ilikewood:recipes/decorations/oak_campfire": {
    "criteria": {
      "has_coal": "2023-06-28 14:02:36 +0800"
    },
    "done": true
  },
  "ilikewood:recipes/decorations/white_warped_bed": {
    "criteria": {
      "has_wool": "2023-06-28 14:26:45 +0800"
    },
    "done": true
  },
  "ilikewood:recipes/tools/stone_mangrove_hoe": {
    "criteria": {
      "has_material": "2023-06-28 13:11:44 +0800"
    },
    "done": true
  },
  "exnihilosequentia:recipes/exnihilosequentia/ens_terracotta_hammer": {
    "criteria": {
      "has_stick": "2023-06-28 13:13:06 +0800"
    },
    "done": true
  },
  "farmersdelight:recipes/farmersdelight/flint_knife": {
    "criteria": {
      "has_stick": "2023-06-28 13:13:06 +0800"
    },
    "done": true
  },
  "ilikewood:recipes/decorations/oak_painting": {
    "criteria": {
      "has_wool": "2023-06-28 14:26:45 +0800"
    },
    "done": true
  },
  "minecraft:recipes/building_blocks/stone": {
    "criteria": {
      "has_cobblestone": "2023-06-28 13:11:44 +0800"
    },
    "done": true
  },
  "exnihilosequentia:recipes/exnihilosequentia/ens_red_nether_brick_hammer": {
    "criteria": {
      "has_stick": "2023-06-28 13:13:06 +0800"
    },
    "done": true
  },
  "ilikewood:recipes/tools/oak_fishing_rod": {
    "criteria": {
      "has_string": "2023-06-28 13:17:39 +0800"
    },
    "done": true
  },
  "ilikewood:recipes/decorations/light_gray_spruce_bed": {
    "criteria": {
      "has_wool": "2023-06-28 14:29:29 +0800"
    },
    "done": true
  },
  "compressium:recipes/compressium/sand_2": {
    "criteria": {
      "has_compressed_sand_x1": "2023-06-28 13:11:06 +0800"
    },
    "done": true
  },
  "ilikewood:recipes/tools/stone_birch_axe": {
    "criteria": {
      "has_material": "2023-06-28 13:11:44 +0800"
    },
    "done": true
  },
  "exnihilosequentia:recipes/exnihilosequentia/ens_deepslate_hammer": {
    "criteria": {
      "has_stick": "2023-06-28 13:13:06 +0800"
    },
    "done": true
  },
  "compressium:recipes/compressium/sand_1": {
    "criteria": {
      "has_sand": "2023-06-28 13:05:24 +0800"
    },
    "done": true
  },
  "minecraft:adventure/adventuring_time": {
    "criteria": {
      "minecraft:old_growth_spruce_taiga": "2023-06-28 13:03:06 +0800"
    },
    "done": false
  },
  "ilikewood:recipes/decorations/dark_oak_campfire": {
    "criteria": {
      "has_coal": "2023-06-28 14:02:36 +0800"
    },
    "done": true
  },
  "ilikewood:recipes/combat/jungle_bow": {
    "criteria": {
      "has_string": "2023-06-28 13:17:39 +0800"
    },
    "done": true
  },
  "minecraft:recipes/decorations/purple_bed_from_white_bed": {
    "criteria": {
      "has_bed": "2023-06-28 14:23:34 +0800"
    },
    "done": true
  },
  "exnihilosequentia:recipes/exnihilosequentia/ens_copper_hammer": {
    "criteria": {
      "has_stick": "2023-06-28 13:13:06 +0800"
    },
    "done": true
  },
  "minecraft:recipes/combat/stone_sword": {
    "criteria": {
      "has_cobblestone": "2023-06-28 13:11:44 +0800"
    },
    "done": true
  },
  "minecraft:recipes/decorations/light_gray_carpet": {
    "criteria": {
      "has_light_gray_wool": "2023-06-28 14:29:29 +0800"
    },
    "done": true
  },
  "minecraft:recipes/decorations/cobblestone_wall": {
    "criteria": {
      "has_cobblestone": "2023-06-28 13:11:44 +0800"
    },
    "done": true
  },
  "minecraft:recipes/tools/stone_pickaxe": {
    "criteria": {
      "has_cobblestone": "2023-06-28 13:11:44 +0800"
    },
    "done": true
  },
  "ilikewood:recipes/tools/jungle_fishing_rod": {
    "criteria": {
      "has_string": "2023-06-28 13:17:39 +0800"
    },
    "done": true
  },
  "create:recipes/create.palettes/crafting/kinetics/pink_seat": {
    "criteria": {
      "has_wool": "2023-06-28 14:26:45 +0800"
    },
    "done": true
  },
  "ilikewood:recipes/decorations/dark_oak_painting": {
    "criteria": {
      "has_wool": "2023-06-28 14:26:45 +0800"
    },
    "done": true
  },
  "ilikewood:recipes/tools/stone_spruce_shovel": {
    "criteria": {
      "has_material": "2023-06-28 13:11:44 +0800"
    },
    "done": true
  },
  "ilikewood:recipes/tools/stone_spruce_axe": {
    "criteria": {
      "has_material": "2023-06-28 13:11:44 +0800"
    },
    "done": true
  },
  "ilikewood:recipes/combat/spruce_crossbow": {
    "criteria": {
      "has_string": "2023-06-28 13:17:39 +0800"
    },
    "done": true
  },
  "minecraft:recipes/decorations/cobblestone_wall_from_cobblestone_stonecutting": {
    "criteria": {
      "has_cobblestone": "2023-06-28 13:11:44 +0800"
    },
    "done": true
  },
  "ilikewood:recipes/tools/stone_acacia_hoe": {
    "criteria": {
      "has_material": "2023-06-28 13:11:44 +0800"
    },
    "done": true
  },
  "minecraft:recipes/building_blocks/pink_wool": {
    "criteria": {
      "has_white_wool": "2023-06-28 14:26:45 +0800"
    },
    "done": true
  },
  "ilikewood:recipes/building_blocks/oak_planks_from_oak_log_sawmilling": {
    "criteria": {
      "has_oak_log": "2023-06-28 13:13:04 +0800"
    },
    "done": true
  },
  "minecraft:recipes/decorations/brown_bed_from_white_bed": {
    "criteria": {
      "has_bed": "2023-06-28 14:23:34 +0800"
    },
    "done": true
  },
  "ilikewood:recipes/combat/dark_oak_bow": {
    "criteria": {
      "has_string": "2023-06-28 13:17:39 +0800"
    },
    "done": true
  },
  "ilikewood:recipes/tools/stone_warped_pickaxe": {
    "criteria": {
      "has_material": "2023-06-28 13:11:44 +0800"
    },
    "done": true
  },
  "exnihilosequentia:recipes/exnihilosequentia/ens_golden_hammer": {
    "criteria": {
      "has_stick": "2023-06-28 13:13:06 +0800"
    },
    "done": true
  },
  "tetra:story/more_upgrades": {
    "criteria": {
      "hammer": "2023-06-28 14:19:59 +0800"
    },
    "done": true
  },
  "farmersdelight:main/place_campfire": {
    "criteria": {
      "campfire": "2023-06-28 14:04:48 +0800"
    },
    "done": true
  },
  "ilikewood:recipes/tools/stone_crimson_axe": {
    "criteria": {
      "has_material": "2023-06-28 13:11:44 +0800"
    },
    "done": true
  },
  "progressthroughskies:recipes/progress_through_skies/bedrock_gravel": {
    "criteria": {
      "has_bedrock_dust": "2023-06-28 13:03:44 +0800"
    },
    "done": true
  },
  "ilikewood:recipes/tools/stone_jungle_sword": {
    "criteria": {
      "has_material": "2023-06-28 13:11:44 +0800"
    },
    "done": true
  },
  "exnihilosequentia:recipes/exnihilosequentia/ens_diamond_hammer": {
    "criteria": {
      "has_stick": "2023-06-28 13:13:06 +0800"
    },
    "done": true
  },
  "ilikewood:recipes/combat/mangrove_crossbow": {
    "criteria": {
      "has_string": "2023-06-28 13:17:39 +0800"
    },
    "done": true
  },
  "ilikewood:recipes/tools/stone_spruce_sword": {
    "criteria": {
      "has_material": "2023-06-28 13:11:44 +0800"
    },
    "done": true
  },
  "ilikewood:recipes/tools/stone_spruce_pickaxe": {
    "criteria": {
      "has_material": "2023-06-28 13:11:44 +0800"
    },
    "done": true
  },
  "ilikewood:recipes/tools/stone_mangrove_sword": {
    "criteria": {
      "has_material": "2023-06-28 13:11:44 +0800"
    },
    "done": true
  },
  "minecraft:recipes/building_blocks/light_gray_wool": {
    "criteria": {
      "has_white_wool": "2023-06-28 14:26:45 +0800"
    },
    "done": true
  },
  "minecraft:recipes/decorations/red_bed_from_white_bed": {
    "criteria": {
      "has_bed": "2023-06-28 14:23:34 +0800"
    },
    "done": true
  },
  "minecraft:recipes/building_blocks/red_wool": {
    "criteria": {
      "has_white_wool": "2023-06-28 14:26:45 +0800"
    },
    "done": true
  },
  "minecraft:recipes/decorations/soul_campfire": {
    "criteria": {
      "has_stick": "2023-06-28 13:13:06 +0800"
    },
    "done": true
  },
  "minecraft:recipes/tools/stone_axe": {
    "criteria": {
      "has_cobblestone": "2023-06-28 13:11:44 +0800"
    },
    "done": true
  },
  "compressium:recipes/building_blocks/gravel_1_uncraft": {
    "criteria": {
      "has_compressed_gravel_x1": "2023-06-28 13:11:40 +0800"
    },
    "done": true
  },
  "minecraft:recipes/decorations/light_gray_bed_from_white_bed": {
    "criteria": {
      "has_bed": "2023-06-28 14:23:34 +0800"
    },
    "done": true
  },
  "DataVersion": 3120
}