{"stats":{"minecraft:dropped":{"ilikewood:oak_post":1,"exnihilosequentia:infested_leaves":1,"minecraft:light_gray_bed":2,"tetra:modular_double":1,"minecraft:campfire":1,"minecraft:white_bed":2,"minecraft:string":130,"ilikewood:oak_sawmill":2,"minecraft:stick":1,"exnihilosequentia:string_mesh":1},"minecraft:custom":{"minecraft:time_since_rest":99706,"minecraft:damage_taken":160,"minecraft:walk_one_cm":25374,"minecraft:drop":16,"minecraft:fly_one_cm":391,"minecraft:interact_with_loom":1,"minecraft:crouch_one_cm":3556,"minecraft:play_time":99706,"minecraft:interact_with_campfire":4,"minecraft:sneak_time":2742,"minecraft:jump":158,"minecraft:time_since_death":99706,"minecraft:total_world_time":101750,"minecraft:fall_one_cm":2450},"minecraft:picked_up":{"progressthroughskies:gravel_dust":171,"minecraft:stick":5,"integrateddynamics:on_the_dynamics_of_integration":1,"minecraft:oak_log":23,"minecraft:white_bed":1,"minecraft:grass_block":4,"exnihilosequentia:cooked_silkworm":2,"progressthroughskies:sand_dust":71,"minecraft:dirt":8,"exnihilosequentia:silkworm":73,"minecraft:string":170,"minecraft:light_gray_bed":1,"ilikewood:oak_sawmill":1,"minecraft:oak_sapling":31,"progressthroughskies:bedrock_dust":293},"minecraft:mined":{"minecraft:grass_block":4,"minecraft:oak_log":23,"ilikewood:oak_sawmill":1,"minecraft:oak_leaves":54,"exnihilosequentia:infested_leaves":55,"progressthroughskies:bedrock_gravel":65},"minecraft:crafted":{"compressium:gravel_1":7,"exnihilosequentia:stone_barrel":1,"ilikewood:oak_log_pile":1,"compressium:sand_1":4,"ilikewood:oak_post":1,"minecraft:cobblestone":1,"exnihilosequentia:stone_crook":2,"minecraft:gravel":30,"minecraft:stone_pressure_plate":5,"minecraft:sand":17,"progressthroughskies:bedrock_gravel":73,"ilikewood:oak_sawmill":1,"minecraft:campfire":1,"tetra:modular_double":1,"exnihilosequentia:string_mesh":1,"exnihilosequentia:oak_sieve":1,"progressthroughskies:rain_wand":1},"minecraft:used":{"minecraft:grass_block":4,"ilikewood:oak_sawmill":2,"exnihilosequentia:stone_crook":59,"exnihilosequentia:stone_barrel":1,"exnihilosequentia:oak_sieve":1,"minecraft:dirt":4,"minecraft:cobblestone":8,"progressthroughskies:bedrock_gravel":65,"minecraft:loom":1,"minecraft:oak_sapling":4,"exnihilosequentia:cooked_silkworm":2,"minecraft:campfire":1,"exnihilosequentia:silkworm":1}},"DataVersion":3120}