{"stats":{"minecraft:crafted":{"compressium:gravel_1":3,"compressium:sand_1":4,"minecraft:cobblestone":2,"exnihilosequentia:stone_crook":3,"minecraft:gravel":26,"minecraft:stone_pressure_plate":4,"progressthroughskies:bedrock_gravel":111,"minecraft:sand":17,"exnihilosequentia:stone_barrel":1,"progressthroughskies:rain_wand":2},"minecraft:killed_by":{"minecraft:phantom":1},"minecraft:mined":{"minecraft:mud":1,"compressium:gravel_1":3,"minecraft:oak_log":11,"minecraft:grass":6,"minecraft:grass_block":45,"minecraft:gravel":1,"minecraft:sand":2,"minecraft:dirt":1,"stonechest:chest_cobblestone":1,"minecraft:oak_leaves":10,"progressthroughskies:bedrock_gravel":80},"minecraft:custom":{"minecraft:time_since_rest":63983,"minecraft:damage_taken":680,"minecraft:walk_one_cm":95278,"minecraft:drop":10,"minecraft:fly_one_cm":11789,"minecraft:open_chest":1,"minecraft:play_time":381103,"minecraft:crouch_one_cm":47568,"minecraft:deaths":2,"minecraft:sneak_time":11685,"minecraft:jump":612,"minecraft:interact_with_stonecutter":1,"minecraft:leave_game":23,"minecraft:time_since_death":63957,"minecraft:walk_on_water_one_cm":284,"minecraft:total_world_time":965979,"minecraft:fall_one_cm":1254},"minecraft:dropped":{"progressthroughskies:gravel_dust":3,"minecraft:grass":10,"progressthroughskies:bedrock_dust":8,"minecraft:amethyst_shard":1,"progressthroughskies:rain_wand":1,"minecraft:glass":1},"minecraft:used":{"minecraft:oak_log":1,"minecraft:mud":1,"thermal:device_tree_extractor":1,"minecraft:water_bucket":5,"minecraft:grass_block":43,"thermal:device_water_gen":1,"thermal:device_potion_diffuser":1,"exnihilosequentia:stone_crook":53,"minecraft:stone":1,"thermal:device_rock_gen":1,"minecraft:stonecutter":1,"exnihilosequentia:oak_sieve":2,"minecraft:grass":6,"minecraft:gravel":6,"exnihilosequentia:stone_barrel":5,"thermal:device_composter":1,"thermal:tinker_bench":1,"minecraft:dirt":5,"minecraft:sand":3,"thermal:device_nullifier":1,"progressthroughskies:bedrock_gravel":82,"minecraft:oak_sapling":2,"exnihilosequentia:grass_seeds":4,"minecraft:bucket":3,"compressium:gravel_1":3,"thermal:device_collector":1,"progressthroughskies:dusted_bedrock":2},"minecraft:picked_up":{"progressthroughskies:gravel_dust":242,"minecraft:mud":2,"minecraft:stick":1,"minecraft:gravel":24,"minecraft:sand":8,"compressium:gravel_1":3,"minecraft:oak_log":11,"minecraft:grass_block":41,"exnihilosequentia:silkworm":31,"progressthroughskies:sand_dust":76,"minecraft:dirt":105,"minecraft:glass":1,"minecraft:wheat_seeds":1,"minecraft:grass":24,"exnihilosequentia:grass_seeds":7,"minecraft:oak_sapling":16,"progressthroughskies:rain_wand":1,"progressthroughskies:bedrock_dust":454}},"DataVersion":3120}