{"stats":{"minecraft:crafted":{"mekanism:configurator":1,"tinygates:tiny_clock":1,"mekanism:logistical_sorter":2,"tinyredstone:tiny_lever":2,"immersiveengineering:workbench":1,"exnihilosequentia:stone_barrel":1,"trashcans:ultimate_trash_can":1,"minecraft:glass":32,"occultism:brush":1,"mekanism:ultimate_logistical_transporter":1,"minecraft:stone_pressure_plate":45,"tinyredstone:tiny_redstone":84,"create:cogwheel":1,"mekanism:ultimate_pressurized_tube":1,"minecraft:gravel":27,"storagedrawers:oak_full_drawers_1":1,"exnihilosequentia:fired_crucible":2,"minecraft:campfire":1,"create:gearbox":2,"woodenbucket:wooden_bucket":8,"minecraft:fire_charge":1,"cyclic:hopper":1,"tinygates:tiny_counter":1,"minecraft:cobbled_deepslate":41,"minecraft:light_gray_wool":4,"progressthroughskies:rain_wand":3,"tinyredstone:tiny_repeater":1,"tetra:modular_double":3,"summoningrituals:altar":1,"compressium:sand_1":2,"minecraft:cobblestone":1,"create:andesite_scaffolding":10,"minecraft:dark_oak_log":33,"thermal:device_tree_extractor":2,"minecraft:white_bed":1,"create:shaft":9,"tinyredstone:tiny_redstone_torch":1,"exnihilosequentia:string_mesh":1,"mekanism:ultimate_mechanical_pipe":2,"minecraft:sand":26,"minecraft:stone":67,"ilikewood:oak_sawmill":1,"cyclic:melter":2,"tinyredstone:tiny_comparator":1,"mekanism:ultimate_universal_cable":1,"exnihilosequentia:stone_crook":4,"minecraft:chest":8,"extractinator:extractinator":1,"chipped:mason_table":1,"minecraft:oak_slab":12,"ilikewood:oak_post":4,"minecraft:crafting_table":6,"tinyredstone:redstone_wrench":1,"create:piston_extension_pole":2,"progressthroughskies:bedrock_gravel":174,"create:sand_paper":1,"chipped:carpenters_table":1,"minecraft:dispenser":1,"minecraft:paper":6,"morphtool:tool":7,"ceramicbucket:ceramic_bucket":5,"minecraft:redstone":2,"tinyredstone:redstone_panel":33,"minecraft:furnace":1,"minecraft:blast_furnace":1,"cyclic:solidifier":1,"exnihilosequentia:oak_sieve":1,"chipped:tinkering_table":1,"tinyredstone:tiny_solid_block":9,"compressium:gravel_1":2,"constructionwand:infinity_wand":1,"trashcans:liquid_trash_can":1,"minecraft:air":289,"ilikewood:oak_log_pile":2,"create:whisk":1,"storagedrawers:void_upgrade":1,"compressium:cobblestone_1":2,"minecraft:stonecutter":1,"mekanism:ultimate_thermodynamic_conductor":1,"chipped:glassblower":1},"minecraft:broken":{"woodenbucket:wooden_bucket":1,"create:sand_paper":3},"minecraft:custom":{"minecraft:interact_with_crafting_table":42,"minecraft:open_barrel":2,"minecraft:bell_ring":2,"minecraft:leave_game":142,"minecraft:time_since_death":1014205,"minecraft:play_time":5658271,"minecraft:deaths":9,"minecraft:jump":19818,"minecraft:interact_with_furnace":802,"minecraft:sleep_in_bed":22,"minecraft:damage_dealt":88468,"tombstone:undead_killed":513,"minecraft:interact_with_anvil":9,"minecraft:inspect_hopper":7,"minecraft:sneak_time":62482,"minecraft:interact_with_blast_furnace":19,"minecraft:total_world_time":8583314,"tombstone:raider_killed":14,"minecraft:interact_with_stonecutter":32,"minecraft:time_since_rest":1014228,"minecraft:use_wand":2173,"minecraft:fly_one_cm":2801526,"minecraft:open_chest":193,"minecraft:fall_one_cm":331350,"minecraft:damage_resisted":216,"minecraft:sprint_one_cm":1440332,"minecraft:drop":333,"minecraft:talked_to_villager":2,"minecraft:walk_on_water_one_cm":29135,"minecraft:crouch_one_cm":106759,"tombstone:villager_killed":1,"minecraft:mob_kills":730,"minecraft:interact_with_campfire":65,"minecraft:damage_dealt_resisted":2948,"minecraft:climb_one_cm":9662,"minecraft:walk_one_cm":4802540,"gateways:gates_defeated":1,"minecraft:walk_under_water_one_cm":10291,"minecraft:damage_taken":5565,"minecraft:damage_absorbed":1515},"minecraft:killed":{"twilightforest:alpha_yeti":1,"minecraft:skeleton":38,"minecraft:chicken":6,"minecraft:skeleton_horse":4,"twilightforest:carminite_golem":3,"minecraft:iron_golem":48,"minecraft:zombie":349,"minecraft:husk":77,"minecraft:wandering_trader":1,"minecraft:enderman":3,"minecraft:witch":14,"minecraft:spider":18,"minecraft:zombie_villager":31,"minecraft:creeper":20,"minecraft:trader_llama":2,"minecraft:blaze":50,"minecraft:slime":8,"mutantmonsters:mutant_zombie":14,"twilightforest:yeti":4},"minecraft:picked_up":{"irons_spellbooks:arcane_anvil":1,"minecraft:lead":2,"ferdinandsflowers:larkspur":3,"exnihilosequentia:flint_mesh":1,"minecraft:polished_deepslate":3,"minecraft:string":172,"quark:paper_wall_big":3,"create:limestone":4,"immersiveengineering:wire_copper":1,"minecraft:cobbled_deepslate":2,"clickmachine:auto_clicker":1,"mekanism:logistical_sorter":4,"immersiveengineering:shader_bag_epic":1,"electrodynamics:wireceramicinsulatedcopper":1,"create:andesite_casing":8,"tinyredstone:redstone_panel":24,"emendatusenigmatica:raw_copper":32,"gateways:gate_pearl":6,"botania:gaia_spreader":1,"woodenbucket:wooden_bucket":53,"botania:livingrock":2,"ilikewood:oak_sawmill":2,"exnihilosequentia:sea_water_bucket":1,"botania:livingwood_log":1,"minecraft:blaze_rod":175,"hostilenetworks:data_model":1,"minecraft:snowball":2,"minecraft:feather":7,"minecraft:flint":3,"trashcans:item_trash_can":1,"create:encased_chain_drive":1,"occultism:chalk_white_impure":4,"ferdinandsflowers:dried_sunflower":3,"cyclic:soundproofing":6,"create:goggles":1,"immersiveengineering:blueprint":7,"botania:dandelifeon":1,"integrateddynamics:mechanical_drying_basin":6,"mekanism:ultimate_fluid_tank":1,"ferdinandsflowers:hawthorne":3,"tinygates:tiny_clock":3,"exnihilosequentia:silkworm":42,"mekanism:basic_mechanical_pipe":2,"minecraft:bundle":11,"ferdinandsflowers:lantana":3,"mekanism:dirty_dust_gold":1,"tinyredstone:tiny_comparator":4,"minecraft:crafting_table":1,"occultism:chalk_white":2,"minecraft:clay_ball":153,"minecraft:iron_shovel":1,"minecraft:poppy":51,"minecraft:chest":6,"chipped:mason_table":1,"minecraft:stone":1,"occultism:chalk_gold":3,"evilcraft:hardened_blood":1,"emendatusenigmatica:raw_copper_block":5,"botania:brew_flask":1,"minecraft:carrot":5,"minecraft:redstone":135,"mekanism:ultimate_logistical_transporter":14,"tombstone:essence_of_undeath":2,"exnihilosequentia:stone_barrel":2,"cyclic:breaker":3,"extractinator:extractinator":3,"progressthroughskies:bedrock_dust":1770,"minecraft:white_wool":76,"ferdinandsflowers:purple_calla_lily":3,"electrodynamics:wirehighlyinsulatedcopper":3,"botania:rune_earth":4,"irons_spellbooks:netherite_spell_book":1,"minecraft:oak_log":188,"energymeter:meter":2,"minecraft:paper":7,"naturesaura:gold_powder":1,"minecraft:apple":14,"ferdinandsflowers:pitcher_plant":3,"create:analog_lever":3,"tombstone:bag_of_seeds":3,"ferdinandsflowers:parrot_flower":3,"minecraft:glass_bottle":1,"tinyredstone:tiny_redstone_torch":4,"minecraft:gravel":64,"tinyredstone:tiny_repeater":1,"morphtool:tool":10,"tinyredstone:tiny_redstone":63,"minecraft:slime_ball":2,"emendatusenigmatica:copper_i_oxide_dust":56,"immersiveengineering:wirecoil_redstone":1,"minecraft:gray_wool":1,"minecraft:ender_pearl":2,"botania:rune_water":4,"create:sand_paper":1,"emendatusenigmatica:sulfur_dust":2,"mekanism:ultimate_mechanical_pipe":4,"additional_lights:fire_pit_l_cobblestone":4,"minecraft:stick":55,"botania:rune_wrath":3,"minecraft:torch":7,"tinyredstone:tiny_super_repeater":1,"tombstone:grave_dust":82,"mutantmonsters:hulk_hammer":14,"minecraft:rotten_flesh":1372,"occultism:datura":2,"exnihilosequentia:stone_crook":1,"emendatusenigmatica:copper_shard":36,"minecraft:cobblestone":100,"occultism:golden_sacrificial_bowl":1,"occultism:datura_seeds":11,"minecraft:andesite":68,"minecraft:potato":5,"exnihilosequentia:string_mesh":2,"tinyredstone:tiny_lever":2,"minecraft:dirt":124,"minecraft:leather_boots":1,"minecraft:bone":86,"emendatusenigmatica:gold_dirty_dust":2,"minecraft:raw_gold":6,"trashcans:ultimate_trash_can":1,"tetra:modular_double":1,"immersiveengineering:connector_redstone":1,"minecraft:grass_block":14,"progressthroughskies:sand_dust":110,"mekanism:bio_fuel":386,"tombstone:familiar_stone":3,"minecraft:nether_star":2,"minecraft:oak_leaves":5,"twilightforest:arctic_fur":2,"minecraft:oak_sapling":117,"pneumaticcraft:heat_frame":1,"alexs_armoury:battlestaff_pattern":1,"minecraft:chicken":5,"ferdinandsflowers:lewisia":3,"cyclic:collector":3,"electrodynamics:windmill":1,"botania:rune_spring":5,"cyclic:melter":2,"immersiveengineering:workbench":2,"cyclic:soundproofing_ghost":3,"ferdinandsflowers:iris":3,"minecraft:light_gray_wool":10,"twilightforest:towerwood":1,"occultism:spirit_fire":1,"create:windmill_bearing":1,"create:hand_crank":1,"minecraft:stone_pressure_plate":16,"minecraft:arrow":71,"minecraft:leather":4,"integrateddynamics:on_the_dynamics_of_integration":1,"thermal:device_collector":2,"minecraft:gunpowder":12,"occultism:candle_white":3,"progressthroughskies:bedrock_gravel":122,"scorchedguns:volatile_scrap":32,"minecraft:iron_ingot":209,"tinyredstone:tiny_piston":1,"minecraft:soul_sand":3,"hexerei:mixing_cauldron":1,"chiselsandbits:chiseledrock":1,"progressthroughskies:gravel_dust":444,"minecraft:oak_slab":98,"chipped:cobbled_blackstone":3,"occultism:sacrificial_bowl":5,"create:large_water_wheel":2,"cyclic:solidifier":4,"minecraft:amethyst_shard":7,"minecraft:blast_furnace":1,"occultism:spirit_attuned_crystal":3,"minecraft:spider_eye":5,"exnihilosequentia:cooked_silkworm":40,"pneumaticcraft:thermal_lagging":8,"cyclic:packager":2,"tombstone:magic_scroll":12},"minecraft:killed_by":{"minecraft:zombie":2,"minecraft:iron_golem":3},"minecraft:dropped":{"exnihilosequentia:stone_barrel":7,"emendatusenigmatica:gold_dirty_dust":1,"irons_spellbooks:scroll_forge":1,"occultism:datura_seeds":5,"minecraft:crafting_table":1,"immersiveengineering:workbench":2,"create:large_water_wheel":2,"mekanismgenerators:bio_generator":2,"trashcans:ultimate_trash_can":1,"minecraft:dirt":1,"cyclic:soundproofing_ghost":1,"exmachinis:flux_compactor":1,"mekanism:chemical_oxidizer":1,"progressthroughskies:bedrock_gravel":279,"minecraft:white_wool":1,"trashcans:item_trash_can":1,"progressthroughskies:gravel_dust":96,"hexerei:blood_sigil":2,"minecraft:cobbled_deepslate":4,"tinyredstone:redstone_panel":2,"ferdinandsflowers:hawthorne":6,"mekanism:bio_fuel":16,"cyclic:soundproofing":1,"compactmachines:personal_shrinking_device":1,"occultism:chalk_gold_impure":3,"ferdinandsflowers:dried_sunflower":3,"create:limestone":5,"scorchedguns:scrap_cannon":1,"create:mechanical_mixer":1,"create:basin":1,"minecraft:enchanted_book":3,"alexs_armoury:battlestaff_pattern":1,"occultism:datura":1,"minecraft:cobblestone":1,"minecraft:apple":2,"extractinator:extractinator":4,"exnihilosequentia:fired_crucible":1,"minecraft:polished_andesite":2,"trashcans:energy_trash_can":1,"minecraft:gray_wool":1,"ferdinandsflowers:larkspur":6,"chipped:square_oak_glass":1,"minecraft:paper":9,"create:sand_paper":1,"chipped:mason_table":2,"occultism:sacrificial_bowl":2,"mekanism:ultimate_pressurized_tube":1,"theoneprobe:probe":1,"botania:brew_flask":1,"woodenbucket:wooden_bucket":44,"minecraft:stone":68,"botania:livingwood_log":1,"progressthroughskies:bedrock_dust":895,"occultism:spirit_fire":2,"ferdinandsflowers:purple_calla_lily":8,"minecraft:stone_pressure_plate":5,"chipped:tinkering_table":1,"occultism:chalk_white_impure":2,"minecraft:oak_log":1,"compactmachines:machine_maximum":1,"immersiveengineering:blueprint":2,"botania:livingrock":1,"emendatusenigmatica:copper_ingot":1,"ferdinandsflowers:parrot_flower":6,"trashcans:liquid_trash_can":1,"theoneprobe:probenote":1,"minecraft:amethyst_shard":6,"exnihilosequentia:cooked_silkworm":6,"integrateddynamics:mechanical_drying_basin":2,"solapplepie:food_book":1,"ferdinandsflowers:lewisia":6,"chiselsandbits:block_bit":1017,"minecraft:gravel":7,"tinygates:tiny_clock":1,"ferdinandsflowers:pitcher_plant":6,"mekanism:ultimate_logistical_transporter":1,"cyclic:breaker":5,"mekanism:ultimate_mechanical_pipe":1,"minecraft:chest":1,"cyclic:collector":1,"mekanism:logistical_sorter":1,"ferdinandsflowers:iris":6,"cyclic:melter":1,"minecraft:oak_leaves":76,"minecraft:splash_potion":1,"morphtool:tool":3,"minecraft:oak_slab":2,"occultism:spirit_attuned_crystal":2,"thermal:device_tree_extractor":1,"minecraft:stick":11,"alexs_armoury:netherite_dagger":1,"minecraft:torch":3,"tinyredstone:tiny_redstone":1,"mekanism:ultimate_thermodynamic_conductor":1,"minecraft:polished_deepslate":4,"mekanism:configurator":1,"exnihilosequentia:sea_water_bucket":2,"mekanism:dirty_dust_gold":2,"occultism:chalk_white":1,"minecraft:light_gray_wool":10,"thermal:device_collector":3,"minecraft:glass_pane":1,"energymeter:meter":1,"minecraft:andesite":2,"scorchedguns:volatile_scrap":64,"ferdinandsflowers:lantana":6,"mekanism:ultimate_universal_cable":1,"emendatusenigmatica:copper_bucket":1},"minecraft:mined":{"create:andesite_casing":8,"cyclic:soundproofing":6,"minecraft:cobbled_deepslate":1,"minecraft:fire":7,"trashcans:ultimate_trash_can":1,"minecraft:blast_furnace":1,"extractinator:extractinator":3,"ilikewood:oak_sawmill":2,"minecraft:redstone_wire":4,"minecraft:snow":11,"mekanism:ultimate_mechanical_pipe":2,"minecraft:oak_slab":101,"cyclic:packager":1,"tetra:basic_workbench":1,"minecraft:gravel":53,"mekanism:ultimate_logistical_transporter":13,"thermal:device_collector":2,"minecraft:grass_block":14,"progressthroughskies:bedrock_gravel":115,"cyclic:melter":2,"minecraft:chest":5,"minecraft:cobblestone":2,"minecraft:oak_log":188,"cyclic:soundproofing_ghost":3,"minecraft:dirt":19,"minecraft:oak_leaves":1237,"immersiveengineering:workbench":2,"exnihilosequentia:infested_leaves":44,"trashcans:item_trash_can":1,"cyclic:collector":3,"chipped:mason_table":1,"mekanism:basic_mechanical_pipe":2,"cyclic:solidifier":4,"minecraft:polished_deepslate":1,"mekanism:logistical_sorter":4,"mekanism:ultimate_fluid_tank":1,"exnihilosequentia:stone_barrel":1},"minecraft:used":{"irons_spellbooks:inscription_table":1,"electrodynamics:batterybox":7,"naturesaura:wood_stand":8,"cgm:machine_pistol":858,"scorchedguns:g19_director":4,"cyclic:solidifier":6,"trashcans:item_trash_can":1,"ad_astra:cryo_freezer":2,"minecraft:chest":14,"minecraft:stone":45,"cagerium:iron_golem_spawn_egg":48,"mekanism:basic_logistical_transporter":6,"additional_lights:al_lamp_oak_planks":5,"assemblylinemachines:novasteel_sword":6,"pneumaticcraft:heat_frame":1,"minecraft:rotten_flesh":30,"mekanism:ultimate_thermodynamic_conductor":29,"mekanism:digital_miner":1,"mekanism:ultimate_combining_factory":3,"immersiveengineering:craftingtable":1,"minecraft:soul_sand":8,"mekanism:ultimate_pressurized_tube":34,"mekanism:precision_sawmill":1,"create:white_sail":393,"scorchedguns:kiln_gun":9,"energymeter:meter":3,"occultism:chalk_gold":31,"electrodynamics:hydroelectricgenerator":1,"dynamicelectricity:motordcmv":3,"create:depot":7,"mekanism:ultimate_smelting_factory":1,"simplyswords:runic_chakram":95,"ferdinandsflowers:dried_sunflower":1,"mekanism:basic_energy_cube":8,"cyclic:shears_flint":4,"scorchedguns:steyr_smg":33,"immersiveengineering:windmill":2,"assemblylinemachines:experience_siphon":2,"cgm:shotgun":174,"minecraft:grass_block":109,"constructionwand:infinity_wand":132,"scorchedguns:sc_fusilage":10,"assemblylinemachines:entropy_reactor_block":1,"electrodynamics:wireinsulatedgold":2,"alexs_armoury:golden_glaive":14,"pneumaticcraft:pneumatic_wrench":20,"chipped:wooden_cage_lantern":8,"summoningrituals:altar":1,"mekanism:combiner":4,"alexs_armoury:golden_broadsword":75,"occultism:chalk_white":45,"create:shaft":42,"minecraft:oak_sapling":41,"mutantmonsters:hulk_hammer":53,"cyclic:melter":4,"minecraft:furnace":2,"assemblylinemachines:electric_furnace":2,"additional_lights:fire_pit_s_cobblestone":1,"additional_lights:al_torch_oak_planks":1,"scorchedguns:cosmic_blitzer":5,"botania:livingrock":29,"powah:solar_panel_starter":1,"mekanism:personal_chest":3,"scorchedguns:scrap_pistol":61,"assemblylinemachines:mkii_pneumatic_compressor":1,"occultism:datura_seeds":1,"advgenerators:steam_turbine_controller":1,"hostilenetworks:sim_chamber":3,"exnihilosequentia:stone_barrel":7,"exnihilosequentia:oak_sieve":4,"scorchedguns:sc_lawbringer":2,"chipped:small_diamond_leaded_glass":2,"cyclic:soundproofing_ghost":6,"botania:diluted_pool":1,"create:spout":2,"mekanism:chemical_dissolution_chamber":2,"minecraft:golden_apple":12,"trashcans:ultimate_trash_can":1,"minecraft:sand":2,"electrodynamics:wiregold":5,"alexs_armoury:armourers_table":1,"electrodynamics:multimeterblock":2,"minecraft:blast_furnace":4,"tetra:modular_double":353,"minecraft:netherite_helmet":1,"thermal:machine_chiller":1,"electrodynamics:energizedalloyer":2,"assemblylinemachines:greenhouse":1,"immersiveengineering:hammer":1,"cyclic:crusher":2,"ilikewood:oak_log_pile":1,"scorchedguns:sc_deputy":7,"irons_spellbooks:armor_pile":1,"occultism:spirit_attuned_crystal":5,"create:adjustable_chain_gearshift":22,"mekanism:rotary_condensentrator":11,"cgm:assault_rifle":634,"mekanism:dimensional_stabilizer":1,"ilikewood:netherite_jungle_sword":2,"dynamicelectricity:motordchv":8,"botania:gaia_spreader":5,"hexerei:mixing_cauldron":3,"simplyswords:frostfall":44,"assemblylinemachines:electric_fluid_mixer":2,"minecraft:fire_charge":4,"create:basin":7,"pneumaticcraft:thermal_lagging":31,"mekanismgenerators:solar_generator":1,"mekanism:ultimate_energy_cube":4,"scorchedguns:tt_jorm_keg":60,"simplyswords:iron_glaive":17,"exmachinis:flux_sieve":2,"assemblylinemachines:entropy_reactor_core":1,"chipped:carpenters_table":2,"cgm:mini_gun":2544,"mekanism:creative_chemical_tank":4,"scorchedguns:ooz_96":21,"summoningrituals:indestructible_altar":1,"minecraft:iron_bars":26,"assemblylinemachines:crankmill":1,"minecraft:stone_sword":213,"scorchedguns:lg8_grenade_launcher":14,"ferdinandsflowers:iris":1,"advgenerators:turbine_tier1":2,"simplyswords:stormbringer":24,"botania:dandelifeon":1,"simplyswords:iron_warglaive":80,"alexs_armoury:netherite_broadsword":11,"twilightforest:alpha_yeti_trophy":1,"advgenerators:fuel_turbine_controller":1,"electrodynamics:coalgenerator":3,"pneumaticcraft:fluid_mixer":14,"minecraft:torch":4,"mekanism:antiprotonic_nucleosynthesizer":3,"create:turntable":5,"simplyswords:gold_claymore":12,"exmachinis:flux_compactor":1,"chiselsandbits:chiseledrock":1,"minecraft:anvil":2,"simplyswords:iron_katana":17,"pneumaticcraft:electrostatic_compressor":3,"industrialforegoing:sludge_refiner":1,"scorchedguns:pipe_musket":10,"mekanism:osmium_compressor":3,"compactvoidminers:void_pump":1,"mekanism:ultimate_fluid_tank":3,"immersiveengineering:circuit_table":1,"electrodynamics:chemicalcrystallizer":5,"scorchedguns:scorched_wand":4,"scorchedguns:officers_special":35,"assemblylinemachines:mkii_furnace":1,"mekanism:chemical_oxidizer":6,"mekanism:fluidic_plenisher":2,"advgenerators:heat_exchanger":1,"immersiveengineering:workbench":5,"create:gearbox":5,"alchemistry:compactor":1,"mekanism:purification_chamber":2,"compactvoidminers:void_miner":1,"extractinator:extractinator":15,"additional_lights:fire_pit_l_cobblestone":8,"create:creative_motor":6,"cgm:grenade_launcher":79,"create:encased_chain_drive":36,"naturesaura:gold_powder":48,"compactmachines:solid_wall":1,"alexs_armoury:netherite_double_axe":9,"dynamicelectricity:motordclv":3,"botania:mana_pool":2,"ferdinandsflowers:lewisia":2,"compactmachines:machine_maximum":3,"assemblylinemachines:pneumatic_compressor":1,"tombstone:gift":22,"minecraft:cobbled_deepslate":1,"electrodynamics:electricpump":2,"scorchedguns:eoka_pistol":11,"scorchedguns:punt_gun":1,"scorchedguns:scorched_scatter_staff":13,"scorchedguns:jury_rigged_wrist_breaker":53,"minecraft:water_bucket":21,"additional_lights:al_lamp_cobblestone":4,"electrodynamics:wireinsulatedcopper":16,"electrodynamics:wirehighlyinsulatedcopper":64,"scorchedguns:alfonz_turnpike":52,"mekanism:formulaic_assemblicator":1,"progressthroughskies:dusted_water_bucket":1,"mekanism:isotopic_centrifuge":2,"minecraft:bundle":5,"simplyswords:gold_glaive":13,"cgm:pistol":59,"mekanismgenerators:bio_generator":3,"electrodynamics:chemicalmixer":3,"scorchedguns:heavy_crossbow":4,"assemblylinemachines:mkii_grinder":1,"botania:mana_spreader":1,"integrateddynamics:drying_basin":1,"scorchedguns:cyclone":2,"electrodynamics:mineralcrushertriple":2,"assemblylinemachines:mkii_alloy_smelter":1,"electrodynamics:wiremilltriple":1,"create:encased_fan":7,"minecraft:oak_slab":1905,"minecraft:crafting_table":7,"mekanism:creative_fluid_tank":4,"minecraft:campfire":7,"minecraft:white_bed":1,"occultism:datura":1,"scorchedguns:waltz_conversion":2,"botania:apothecary_default":1,"electrodynamics:fermentationplant":15,"mekanism:creative_energy_cube":8,"minecraft:oak_log":51,"mekanism:seismic_vibrator":1,"simplyswords:awakened_lichblade":7,"minecraft:mud":1,"assemblylinemachines:naphtha_turbine":1,"nuclearscience:meltedreactor":1,"ad_astra:nasa_workbench":5,"electrodynamics:electrolyticseparator":10,"assemblylinemachines:interactor":1,"cgm:grenade":18,"nuclearscience:freezeplug":1,"create:water_wheel":1,"tombstone:magic_scroll":5,"electrodynamics:mineralwasher":13,"electrodynamics:mineralcrusher":4,"assemblylinemachines:kinetic_fluid_mixer":1,"twilightforest:alpha_yeti_spawn_egg":1,"simplyswords:gold_cutlass":13,"electrodynamics:upgradetransformer":6,"mekanism:oredictionificator":1,"occultism:candle_white":25,"minecraft:cobblestone":126,"alexs_armoury:netherite_katana":15,"occultism:golden_sacrificial_bowl":2,"cyclic:packager":2,"minecraft:husk_spawn_egg":10,"irons_spellbooks:arcane_anvil":2,"ferdinandsflowers:hawthorne":1,"mekanism:ultimate_sawing_factory":1,"mekanism:resistive_heater":2,"pneumaticcraft:refinery_output":7,"advgenerators:fluid_input":4,"simplyswords:thunderbrand":41,"assemblylinemachines:corrupting_basin":1,"advgenerators:item_output":1,"minecraft:polished_deepslate":2,"pneumaticcraft:air_compressor":2,"assemblylinemachines:electric_purifier":1,"simplyswords:harbinger":64,"mekanism:painting_machine":5,"assemblylinemachines:mystium_dowsing_rod":5,"mekanism:basic_fluid_tank":2,"assemblylinemachines:pumpshaft":6,"emendatusenigmatica:copper_bucket":5,"minecraft:zombie_spawn_egg":92,"create:haunted_bell":1,"advgenerators:fluid_output_select":3,"scorchedguns:cogloader":42,"mekanism:ultimate_infusing_factory":1,"create:analog_lever":17,"electrodynamics:lathe":2,"minecraft:white_candle":12,"scorchedguns:spitfire":60,"mekanismgenerators:rotational_complex":3,"assemblylinemachines:fluid_bath":1,"mekanism:basic_mechanical_pipe":44,"create:cogwheel":9,"exnihilosequentia:cooked_silkworm":32,"mekanism:nutritional_liquifier":2,"occultism:sacrificial_bowl":12,"immersiveengineering:cokebrick":27,"electrodynamics:oxidationfurnace":2,"mekanism:chemical_injection_chamber":4,"scorchedguns:thunderhead":45,"simplyswords:sword_on_a_stick":5,"advgenerators:sensor":1,"minecraft:bricks":21,"scorchedguns:frontier_sidearm":2,"assemblylinemachines:electric_grinder":2,"mekanism:personal_barrel":3,"mekanismgenerators:electromagnetic_coil":2,"simplyswords:netherite_greathammer":38,"scorchedguns:skellik_65":3,"pneumaticcraft:gas_lift":2,"mekanism:ultimate_crushing_factory":3,"pneumaticcraft:charging_station":1,"scorchedguns:lm_spear_ironport":13,"chiselsandbits:chisel_stone":2,"scorchedguns:volley_gun":81,"trashcans:liquid_trash_can":1,"createaddition:electric_motor":2,"cyclic:collector":5,"clickmachine:auto_clicker":2,"advgenerators:syngas_controller":1,"scorchedguns:sc_dahka":3,"nuclearscience:electromagneticbooster":2,"botania:runic_altar":5,"cgm:heavy_rifle":68,"electrodynamics:advancedsolarpanel":2,"electrodynamics:mineralgrindertriple":4,"mekanism:ultimate_mechanical_pipe":146,"pneumaticcraft:etching_tank":2,"assemblylinemachines:vacuum_hopper":1,"simplyswords:gold_spear":10,"mekanism:chemical_washer":2,"minecraft:redstone_block":9,"electrodynamics:downgradetransformer":8,"electrodynamics:mineralgrinder":3,"create:mechanical_saw":1,"scorchedguns:osgood_50":2,"cyclic:placer":1,"minecraft:white_wool":12,"simplyswords:molten_edge":8,"scorchedguns:blunderbuss":39,"chiselsandbits:bit_storage":1,"pneumaticcraft:thermopneumatic_processing_plant":12,"mekanism:pigment_mixer":4,"electrodynamics:wiremill":3,"chipped:square_oak_glass":1,"assemblylinemachines:pump":5,"cgm:bazooka":6,"scorchedguns:m19_waltz_dehann":10,"ferdinandsflowers:larkspur":1,"thermal:machine_pyrolyzer":4,"simplyswords:mjolnir":201,"scorchedguns:sc_gowza":5,"minecraft:redstone_torch":3,"scorchedguns:soul_drummer":81,"mob_grinding_utils:saw":1,"botania:cell_block":65,"minecraft:lever":1,"pneumaticcraft:refinery":4,"thermal:device_tree_extractor":1,"mekanism:crusher":3,"scorchedguns:gauss_rifle":2,"pneumaticcraft:flux_compressor":10,"electrodynamics:combustionchamber":3,"packagedauto:fluid_package_filler":1,"mekanism:logistical_sorter":10,"scorchedguns:gowza_32l":2,"cyclic:breaker":1,"mekanism:metallurgic_infuser":2,"assemblylinemachines:mkii_fluid_mixer":1,"tinyredstone:redstone_wrench":6,"mekanism:basic_pressurized_tube":4,"scorchedguns:flechette_jet":25,"create:andesite_casing":1,"minecraft:gravel":53,"scorchedguns:huot_auto":47,"simplyswords:shadowsting":32,"compactmachines:machine_giant":2,"mekanism:ultimate_logistical_transporter":103,"progressthroughskies:bedrock_gravel":116,"electrodynamics:electricarcfurnace":5,"create:andesite_scaffolding":140,"scorchedguns:m99_krauser":5,"advgenerators:exchanger_controller":1,"create:vertical_gearbox":14,"exnihilosequentia:silkworm":1,"minecraft:white_concrete":1,"minecraft:coarse_dirt":1,"pneumaticcraft:advanced_pressure_tube":14,"mekanism:pigment_extractor":3,"minecraft:bone_meal":8,"create:large_cogwheel":2,"progressthroughskies:dusted_bedrock":3,"simplyswords:sunfire":13,"hostilenetworks:deep_learner":2,"scorchedguns:r498_gauss_cannon":149,"minecraft:oak_fence":8,"storagedrawers:oak_full_drawers_1":18,"minecraft:netherite_sword":56,"scorchedguns:earths_corpse":2086,"mekanism:enrichment_chamber":2,"simplyswords:iron_claymore":2,"ferdinandsflowers:purple_calla_lily":2,"chipped:tinkering_table":1,"scorchedguns:scrap_cannon":170,"minecraft:flint_and_steel":3,"industrialforegoing:resourceful_furnace":1,"mekanism:configurator":296,"assemblylinemachines:kinetic_grinder":1,"minecraft:redstone":4,"thermal:device_water_gen":1,"mekanism:ultimate_injecting_factory":2,"ilikewood:oak_sawmill":4,"scorchedguns:riveter":6,"powah:solar_panel_nitro":1,"mekanism:modification_station":1,"tinyredstone:redstone_panel":13,"gateways:gate_pearl":21,"scorchedguns:invis_nvr_63":3,"scorchedguns:astella":42,"minecraft:dirt":1159,"cgm:workbench":1,"create:mechanical_mixer":1,"chipped:wooden_cage_soul_lantern":1,"assemblylinemachines:experience_hopper":1,"botania:stripped_dreamwood_log":1,"scorchedguns:scorched_obrez_staff":5,"botania:twig_wand":83,"advgenerators:mixing_chamber":1,"cgm:rifle":42,"electrodynamics:reinforcedalloyer":2,"mekanism:ultimate_purifying_factory":1,"minecraft:dark_oak_planks":1,"scorchedguns:hand_crossbow":13,"scorchedguns:auto_crossbow":37,"scorchedguns:scorched_staff":27,"simplyswords:gold_scythe":50,"chipped:glassblower":1,"mob_grinding_utils:rotten_egg":2,"electrodynamics:compositearmorchestplate":1,"cyclic:soundproofing":43,"mekanism:fuelwood_heater":2,"alexs_armoury:golden_rapier":8,"additional_lights:standing_torch_s_cobblestone":11,"createaddition:tesla_coil":2,"assemblylinemachines:fluid_router":2,"thermal:fluid_cell":1,"assemblylinemachines:omnivoid":1,"integrateddynamics:mechanical_drying_basin":7,"ferdinandsflowers:parrot_flower":1,"scorchedguns:railworker":6,"assemblylinemachines:alloy_smelter":1,"minecraft:golden_carrot":6,"create:radial_chassis":20,"assemblylinemachines:coal_generator":1,"alexs_armoury:golden_double_axe":6,"simplyswords:soulstealer":18,"minecraft:stone_pressure_plate":2,"mekanism:electrolytic_separator":3,"mekanism:pressurized_reaction_chamber":3,"alexs_armoury:golden_halberd":5,"additional_lights:standing_torch_l_cobblestone":18,"thermal:device_collector":2,"minecraft:enchanted_golden_apple":4,"irons_spellbooks:pedestal":1,"create:gearshift":2,"assemblylinemachines:experience_mill":1,"exnihilosequentia:fired_crucible":1,"electrodynamics:circuitbreaker":2,"assemblylinemachines:refinery":2,"mekanism:electric_pump":2,"ad_astra:oxygen_sensor":3,"electrodynamics:windmill":2,"mekanism:ultimate_universal_cable":100,"electrodynamics:wireceramicinsulatedcopper":10,"minecraft:netherite_chestplate":1,"cgm:stun_grenade":45,"ferdinandsflowers:pitcher_plant":2,"evilcraft:blood_infuser":2,"assemblylinemachines:galactic_flesh":2,"exnihilosequentia:stone_crook":119,"minecraft:stonecutter":2,"mekanism:chemical_infuser":7,"scorchedguns:bastard_gun":226,"minecraft:polished_blackstone_pressure_plate":1,"botania:apothecary_livingrock":1,"twilightforest:carminite_golem_spawn_egg":3,"chipped:mason_table":3,"simplyswords:gold_twinblade":19,"scorchedguns:m12_waltz":5,"simplyswords:iron_greataxe":10,"electrodynamics:electricfurnace":3,"assemblylinemachines:mkii_lumber_mill":1,"twilightforest:yeti_spawn_egg":3,"createaddition:alternator":19,"assemblylinemachines:autocrafting_table":1,"electrodynamics:thermoelectricgenerator":1,"minecraft:apple":21,"create:mechanical_press":2,"mekanism:ultimate_enriching_factory":1,"assemblylinemachines:combustion_generator":1,"create:windmill_bearing":5,"minecraft:chicken":1,"ferdinandsflowers:lantana":1,"mekanism:energized_smelter":3,"mekanism:chemical_crystallizer":2,"create:large_water_wheel":10,"irons_spellbooks:scroll_forge":2,"hostilenetworks:loot_fabricator":2,"mutantmonsters:mutant_zombie_spawn_egg":13,"assemblylinemachines:mkii_purifier":1,"thermal:machine_crafter":1,"mekanism:solar_neutron_activator":3,"scorchedguns:alfonz_repeating_punter":14,"chipped:cobbled_blackstone":2,"minecraft:bucket":19,"scorchedguns:blasphemy":16,"create:hand_crank":2,"minecraft:smooth_stone":1,"minecraft:splash_potion":5,"scorchedguns:noqq_gun":4,"nuclearscience:nuclearboiler":1}},"DataVersion":3120}