{"stats":{"minecraft:broken":{"woodenbucket:wooden_bucket":1,"create:sand_paper":1},"minecraft:picked_up":{"tinyredstone:tiny_comparator":4,"minecraft:crafting_table":1,"occultism:chalk_white":1,"cyclic:collector":3,"minecraft:polished_deepslate":3,"minecraft:string":167,"quark:paper_wall_big":1,"cyclic:melter":2,"create:limestone":1,"minecraft:cobbled_deepslate":1,"clickmachine:auto_clicker":1,"cyclic:soundproofing_ghost":3,"mekanism:ultimate_mechanical_pipe":2,"mekanism:logistical_sorter":4,"minecraft:chest":6,"chipped:mason_table":1,"minecraft:stick":22,"minecraft:stone":1,"tinyredstone:tiny_super_repeater":1,"tinyredstone:redstone_panel":24,"minecraft:redstone":132,"minecraft:stone_pressure_plate":16,"woodenbucket:wooden_bucket":13,"mekanism:ultimate_logistical_transporter":14,"ilikewood:oak_sawmill":2,"occultism:datura":2,"cyclic:breaker":3,"exnihilosequentia:stone_crook":1,"minecraft:white_wool":5,"progressthroughskies:bedrock_dust":1740,"minecraft:cobblestone":100,"occultism:golden_sacrificial_bowl":1,"occultism:datura_seeds":7,"minecraft:andesite":4,"integrateddynamics:on_the_dynamics_of_integration":1,"thermal:device_collector":2,"tinyredstone:tiny_lever":2,"exnihilosequentia:string_mesh":1,"minecraft:flint":3,"minecraft:oak_log":84,"trashcans:item_trash_can":1,"minecraft:dirt":112,"minecraft:paper":3,"minecraft:apple":6,"occultism:chalk_white_impure":1,"tinyredstone:tiny_piston":1,"cyclic:soundproofing":5,"trashcans:ultimate_trash_can":1,"chiselsandbits:chiseledrock":1,"progressthroughskies:gravel_dust":444,"minecraft:oak_slab":89,"occultism:sacrificial_bowl":5,"advgenerators:fuel_turbine_controller":1,"mekanism:ultimate_fluid_tank":1,"tinyredstone:tiny_redstone_torch":4,"tetra:modular_double":1,"cyclic:solidifier":4,"immersiveengineering:connector_redstone":1,"minecraft:gravel":64,"tinyredstone:tiny_repeater":1,"minecraft:amethyst_shard":4,"minecraft:blast_furnace":1,"minecraft:grass_block":3,"tinygates:tiny_clock":3,"progressthroughskies:sand_dust":110,"exnihilosequentia:silkworm":39,"exnihilosequentia:cooked_silkworm":16,"morphtool:tool":3,"mekanism:basic_mechanical_pipe":2,"tinyredstone:tiny_redstone":63,"cyclic:packager":2,"immersiveengineering:wirecoil_redstone":1,"minecraft:gray_wool":1,"minecraft:oak_sapling":41},"minecraft:crafted":{"minecraft:redstone":2,"mekanism:configurator":1,"tinygates:tiny_counter":1,"minecraft:cobbled_deepslate":35,"tinyredstone:redstone_panel":33,"mekanism:ultimate_mechanical_pipe":2,"minecraft:sand":26,"minecraft:furnace":1,"minecraft:blast_furnace":1,"minecraft:light_gray_wool":4,"minecraft:stone":3,"tinygates:tiny_clock":1,"ilikewood:oak_sawmill":1,"mekanism:logistical_sorter":2,"cyclic:solidifier":1,"tinyredstone:tiny_lever":2,"progressthroughskies:rain_wand":3,"exnihilosequentia:oak_sieve":1,"exnihilosequentia:stone_barrel":1,"cyclic:melter":2,"trashcans:ultimate_trash_can":1,"tinyredstone:tiny_repeater":1,"minecraft:glass":17,"tinyredstone:tiny_comparator":1,"occultism:brush":1,"mekanism:ultimate_logistical_transporter":1,"mekanism:ultimate_universal_cable":1,"exnihilosequentia:stone_crook":4,"minecraft:stone_pressure_plate":44,"tinyredstone:tiny_redstone":84,"minecraft:chest":8,"chipped:tinkering_table":1,"tinyredstone:tiny_solid_block":9,"tetra:modular_double":3,"chipped:mason_table":1,"compressium:gravel_1":2,"mekanism:ultimate_pressurized_tube":1,"minecraft:oak_slab":12,"ilikewood:oak_post":2,"trashcans:liquid_trash_can":1,"minecraft:crafting_table":4,"tinyredstone:redstone_wrench":1,"minecraft:gravel":27,"progressthroughskies:bedrock_gravel":174,"storagedrawers:oak_full_drawers_1":1,"create:sand_paper":1,"minecraft:campfire":1,"chipped:carpenters_table":1,"minecraft:air":133,"minecraft:dispenser":1,"ilikewood:oak_log_pile":2,"compressium:sand_1":2,"minecraft:paper":6,"minecraft:cobblestone":1,"storagedrawers:void_upgrade":1,"thermal:device_tree_extractor":2,"compressium:cobblestone_1":2,"minecraft:stonecutter":1,"minecraft:white_bed":1,"woodenbucket:wooden_bucket":4,"mekanism:ultimate_thermodynamic_conductor":1,"tinyredstone:tiny_redstone_torch":1,"minecraft:fire_charge":1,"chipped:glassblower":1,"morphtool:tool":2,"cyclic:hopper":1,"exnihilosequentia:string_mesh":1},"minecraft:mined":{"trashcans:item_trash_can":1,"thermal:device_collector":2,"chipped:mason_table":1,"cyclic:collector":3,"mekanism:basic_mechanical_pipe":2,"minecraft:grass_block":3,"ilikewood:oak_sawmill":2,"minecraft:redstone_wire":4,"cyclic:soundproofing":5,"cyclic:solidifier":4,"progressthroughskies:bedrock_gravel":115,"minecraft:cobbled_deepslate":1,"mekanism:ultimate_mechanical_pipe":2,"minecraft:polished_deepslate":1,"cyclic:melter":2,"trashcans:ultimate_trash_can":1,"mekanism:logistical_sorter":4,"minecraft:oak_slab":8,"mekanism:ultimate_fluid_tank":1,"cyclic:packager":1,"exnihilosequentia:stone_barrel":1,"minecraft:blast_furnace":1,"minecraft:chest":5,"minecraft:cobblestone":2,"tetra:basic_workbench":1,"minecraft:oak_log":84,"cyclic:soundproofing_ghost":3,"minecraft:gravel":53,"minecraft:dirt":18,"mekanism:ultimate_logistical_transporter":13,"minecraft:oak_leaves":445,"exnihilosequentia:infested_leaves":44},"minecraft:dropped":{"morphtool:tool":3,"minecraft:oak_slab":1,"occultism:datura":1,"minecraft:crafting_table":1,"minecraft:cobblestone":1,"thermal:device_tree_extractor":1,"minecraft:polished_andesite":2,"minecraft:stick":1,"trashcans:energy_trash_can":1,"cyclic:soundproofing_ghost":1,"minecraft:dirt":1,"trashcans:ultimate_trash_can":1,"minecraft:gray_wool":1,"trashcans:liquid_trash_can":1,"tinyredstone:tiny_redstone":1,"theoneprobe:probenote":1,"mekanism:ultimate_thermodynamic_conductor":1,"progressthroughskies:bedrock_gravel":279,"minecraft:white_wool":1,"chiselsandbits:block_bit":1,"trashcans:item_trash_can":1,"minecraft:polished_deepslate":3,"progressthroughskies:gravel_dust":96,"minecraft:gravel":7,"chipped:mason_table":2,"occultism:sacrificial_bowl":1,"mekanism:configurator":1,"tinyredstone:redstone_panel":2,"mekanism:ultimate_pressurized_tube":1,"thermal:device_collector":3,"theoneprobe:probe":1,"mekanism:ultimate_logistical_transporter":1,"cyclic:soundproofing":1,"cyclic:breaker":5,"mekanism:ultimate_mechanical_pipe":1,"woodenbucket:wooden_bucket":13,"minecraft:stone":4,"progressthroughskies:bedrock_dust":895,"minecraft:andesite":2,"create:limestone":1,"minecraft:chest":1,"minecraft:stone_pressure_plate":5,"cyclic:collector":1,"mekanism:logistical_sorter":1,"advgenerators:fuel_turbine_controller":1,"chipped:tinkering_table":1,"occultism:chalk_white_impure":1,"cyclic:melter":1,"mekanism:ultimate_universal_cable":1,"emendatusenigmatica:copper_bucket":1},"minecraft:used":{"storagedrawers:oak_full_drawers_1":5,"chipped:tinkering_table":1,"minecraft:polished_deepslate":1,"mekanism:configurator":101,"cyclic:solidifier":5,"minecraft:redstone":4,"trashcans:item_trash_can":1,"ilikewood:oak_sawmill":3,"mekanism:basic_fluid_tank":1,"minecraft:chest":9,"emendatusenigmatica:copper_bucket":3,"mekanism:basic_logistical_transporter":4,"advgenerators:fuel_turbine_controller":1,"tinyredstone:redstone_panel":13,"immersiveengineering:craftingtable":1,"minecraft:dirt":38,"chiselsandbits:chiseledrock":1,"mekanism:basic_mechanical_pipe":3,"exnihilosequentia:cooked_silkworm":15,"occultism:sacrificial_bowl":4,"mekanism:osmium_compressor":1,"mekanism:chemical_injection_chamber":1,"mekanism:ultimate_fluid_tank":2,"immersiveengineering:circuit_table":1,"minecraft:dark_oak_planks":1,"immersiveengineering:workbench":1,"chipped:glassblower":1,"minecraft:grass_block":3,"cyclic:soundproofing":7,"trashcans:liquid_trash_can":1,"cyclic:collector":5,"occultism:chalk_white":20,"cyclic:melter":3,"minecraft:oak_sapling":14,"minecraft:furnace":1,"clickmachine:auto_clicker":1,"mekanism:pressurized_reaction_chamber":1,"thermal:device_collector":2,"minecraft:cobbled_deepslate":1,"mekanism:ultimate_mechanical_pipe":4,"occultism:datura_seeds":1,"exnihilosequentia:stone_crook":103,"exnihilosequentia:stone_barrel":2,"exnihilosequentia:oak_sieve":1,"minecraft:stonecutter":1,"cyclic:soundproofing_ghost":3,"mekanism:chemical_infuser":1,"cyclic:placer":1,"trashcans:ultimate_trash_can":1,"minecraft:oak_slab":228,"minecraft:crafting_table":2,"chipped:mason_table":2,"mekanism:pigment_mixer":1,"minecraft:blast_furnace":2,"tetra:modular_double":35,"minecraft:white_bed":1,"minecraft:campfire":1,"occultism:datura":1,"botania:apothecary_default":1,"minecraft:oak_log":28,"thermal:device_tree_extractor":1,"minecraft:apple":16,"cyclic:breaker":1,"mekanism:logistical_sorter":7,"create:water_wheel":1,"tinyredstone:redstone_wrench":6,"minecraft:gravel":53,"create:large_water_wheel":4,"mekanism:ultimate_logistical_transporter":36,"occultism:candle_white":4,"minecraft:cobblestone":3,"progressthroughskies:bedrock_gravel":115,"create:andesite_scaffolding":1,"minecraft:bucket":3,"cyclic:packager":2,"occultism:golden_sacrificial_bowl":1,"exnihilosequentia:silkworm":1,"chipped:carpenters_table":2},"minecraft:custom":{"minecraft:interact_with_crafting_table":14,"minecraft:interact_with_campfire":20,"minecraft:leave_game":32,"minecraft:time_since_death":698046,"minecraft:climb_one_cm":214,"minecraft:sprint_one_cm":110655,"minecraft:walk_one_cm":762234,"minecraft:drop":105,"minecraft:play_time":698046,"minecraft:sneak_time":19930,"minecraft:walk_under_water_one_cm":1207,"minecraft:jump":3331,"minecraft:interact_with_blast_furnace":11,"minecraft:walk_on_water_one_cm":14886,"minecraft:total_world_time":942306,"minecraft:interact_with_furnace":11,"minecraft:interact_with_stonecutter":8,"minecraft:sleep_in_bed":17,"minecraft:time_since_rest":108602,"minecraft:damage_taken":870,"minecraft:fly_one_cm":179443,"minecraft:open_chest":58,"minecraft:crouch_one_cm":44789,"minecraft:fall_one_cm":83225}},"DataVersion":3120}