{
  "minecraft:recipes/building_blocks/black_stained_glass": {
    "criteria": {
      "has_glass": "2023-06-26 12:32:10 +0800"
    },
    "done": true
  },
  "minecraft:recipes/tools/wooden_axe": {
    "criteria": {
      "has_stick": "2023-06-27 17:23:18 +0800"
    },
    "done": true
  },
  "minecraft:recipes/redstone/lever": {
    "criteria": {
      "has_cobblestone": "2023-06-26 12:46:44 +0800"
    },
    "done": true
  },
  "minecraft:recipes/building_blocks/cobblestone_stairs_from_cobblestone_stonecutting": {
    "criteria": {
      "has_cobblestone": "2023-06-26 12:46:44 +0800"
    },
    "done": true
  },
  "minecraft:recipes/building_blocks/magenta_concrete_powder": {
    "criteria": {
      "has_gravel": "2023-06-24 19:40:10 +0800"
    },
    "done": true
  },
  "minecraft:recipes/building_blocks/stone_bricks": {
    "criteria": {
      "has_stone": "2023-06-25 09:41:51 +0800"
    },
    "done": true
  },
  "minecraft:recipes/building_blocks/stone_bricks_from_stone_stonecutting": {
    "criteria": {
      "has_stone": "2023-06-25 09:41:51 +0800"
    },
    "done": true
  },
  "minecraft:recipes/building_blocks/lime_concrete_powder": {
    "criteria": {
      "has_gravel": "2023-06-24 19:40:10 +0800"
    },
    "done": true
  },
  "minecraft:recipes/building_blocks/gray_stained_glass": {
    "criteria": {
      "has_glass": "2023-06-26 12:32:10 +0800"
    },
    "done": true
  },
  "minecraft:recipes/building_blocks/cut_sandstone_from_sandstone_stonecutting": {
    "criteria": {
      "has_sandstone": "2023-06-26 14:11:32 +0800"
    },
    "done": true
  },
  "minecraft:recipes/building_blocks/yellow_concrete_powder": {
    "criteria": {
      "has_gravel": "2023-06-24 19:40:10 +0800"
    },
    "done": true
  },
  "minecraft:recipes/brewing/glass_bottle": {
    "criteria": {
      "has_glass": "2023-06-26 12:32:10 +0800"
    },
    "done": true
  },
  "compressium:recipes/compressium/cobblestone_2_uncraft": {
    "criteria": {
      "has_compressed_cobblestone_x2": "2023-06-26 14:04:09 +0800"
    },
    "done": true
  },
  "minecraft:recipes/decorations/campfire": {
    "criteria": {
      "has_stick": "2023-06-27 17:23:18 +0800"
    },
    "done": true
  },
  "minecraft:recipes/building_blocks/purple_stained_glass": {
    "criteria": {
      "has_glass": "2023-06-26 12:32:10 +0800"
    },
    "done": true
  },
  "minecraft:recipes/building_blocks/smooth_stone": {
    "criteria": {
      "has_stone": "2023-06-25 09:41:51 +0800"
    },
    "done": true
  },
  "compressium:recipes/compressium/cobblestone_3": {
    "criteria": {
      "has_compressed_cobblestone_x2": "2023-06-26 14:04:09 +0800"
    },
    "done": true
  },
  "compressium:recipes/compressium/cobblestone_2": {
    "criteria": {
      "has_compressed_cobblestone_x1": "2023-06-26 14:07:16 +0800"
    },
    "done": true
  },
  "compressium:recipes/compressium/cobblestone_1": {
    "criteria": {
      "has_cobblestone": "2023-06-26 12:46:44 +0800"
    },
    "done": true
  },
  "minecraft:recipes/decorations/ladder": {
    "criteria": {
      "has_stick": "2023-06-27 17:23:18 +0800"
    },
    "done": true
  },
  "minecraft:recipes/decorations/chest": {
    "criteria": {
      "has_lots_of_items": "2023-06-26 12:50:35 +0800"
    },
    "done": true
  },
  "minecraft:recipes/building_blocks/brown_concrete_powder": {
    "criteria": {
      "has_gravel": "2023-06-24 19:40:10 +0800"
    },
    "done": true
  },
  "exnihilosequentia:recipes/exnihilosequentia/ens_stone_barrel": {
    "criteria": {
      "has_walls": "2023-06-25 09:41:51 +0800"
    },
    "done": true
  },
  "minecraft:recipes/building_blocks/stone_slab_from_stone_stonecutting": {
    "criteria": {
      "has_stone": "2023-06-25 09:41:51 +0800"
    },
    "done": true
  },
  "minecraft:recipes/building_blocks/chiseled_stone_bricks_stone_from_stonecutting": {
    "criteria": {
      "has_stone": "2023-06-25 09:41:51 +0800"
    },
    "done": true
  },
  "minecraft:recipes/transportation/mangrove_boat": {
    "criteria": {
      "in_water": "2023-06-27 14:26:08 +0800"
    },
    "done": true
  },
  "exnihilosequentia:recipes/exnihilosequentia/ens_oak_crucible": {
    "criteria": {
      "has_logs": "2023-06-27 17:23:17 +0800"
    },
    "done": true
  },
  "minecraft:recipes/building_blocks/white_stained_glass": {
    "criteria": {
      "has_glass": "2023-06-26 12:32:10 +0800"
    },
    "done": true
  },
  "minecraft:recipes/tools/wooden_shovel": {
    "criteria": {
      "has_stick": "2023-06-27 17:23:18 +0800"
    },
    "done": true
  },
  "immersiveengineering:recipes/decorations/crafting/torch": {
    "criteria": {
      "has_stick": "2023-06-27 17:23:18 +0800"
    },
    "done": true
  },
  "compressium:recipes/compressium/dirt_1": {
    "criteria": {
      "has_dirt": "2023-06-27 15:29:27 +0800"
    },
    "done": true
  },
  "woodenbucket:recipes/misc/wooden_bucket": {
    "criteria": {
      "has_log": "2023-06-27 17:23:17 +0800"
    },
    "done": true
  },
  "minecraft:recipes/building_blocks/blue_stained_glass": {
    "criteria": {
      "has_glass": "2023-06-26 12:32:10 +0800"
    },
    "done": true
  },
  "exnihilosequentia:recipes/exnihilosequentia/ens_iron_hammer": {
    "criteria": {
      "has_stick": "2023-06-27 17:23:18 +0800"
    },
    "done": true
  },
  "minecraft:recipes/building_blocks/stone_slab": {
    "criteria": {
      "has_stone": "2023-06-25 09:41:51 +0800"
    },
    "done": true
  },
  "minecraft:recipes/building_blocks/stone_brick_slab_from_stone_stonecutting": {
    "criteria": {
      "has_stone": "2023-06-25 09:41:51 +0800"
    },
    "done": true
  },
  "minecraft:recipes/building_blocks/green_stained_glass": {
    "criteria": {
      "has_glass": "2023-06-26 12:32:10 +0800"
    },
    "done": true
  },
  "minecraft:recipes/building_blocks/amethyst_block": {
    "criteria": {
      "has_amethyst_shard": "2023-06-26 16:28:05 +0800"
    },
    "done": true
  },
  "minecraft:recipes/transportation/spruce_boat": {
    "criteria": {
      "in_water": "2023-06-27 14:26:08 +0800"
    },
    "done": true
  },
  "minecraft:recipes/tools/stone_shovel": {
    "criteria": {
      "has_cobblestone": "2023-06-26 12:46:44 +0800"
    },
    "done": true
  },
  "minecraft:recipes/combat/wooden_sword": {
    "criteria": {
      "has_stick": "2023-06-27 17:23:18 +0800"
    },
    "done": true
  },
  "minecraft:recipes/building_blocks/oak_planks": {
    "criteria": {
      "has_logs": "2023-06-27 17:23:17 +0800"
    },
    "done": true
  },
  "minecraft:recipes/building_blocks/blue_concrete_powder": {
    "criteria": {
      "has_gravel": "2023-06-24 19:40:10 +0800"
    },
    "done": true
  },
  "minecraft:recipes/building_blocks/gray_concrete_powder": {
    "criteria": {
      "has_gravel": "2023-06-24 19:40:10 +0800"
    },
    "done": true
  },
  "minecraft:recipes/building_blocks/cyan_stained_glass": {
    "criteria": {
      "has_glass": "2023-06-26 12:32:10 +0800"
    },
    "done": true
  },
  "exnihilosequentia:recipes/exnihilosequentia/ens_blackstone_hammer": {
    "criteria": {
      "has_stick": "2023-06-27 17:23:18 +0800"
    },
    "done": true
  },
  "minecraft:recipes/building_blocks/sandstone_stairs": {
    "criteria": {
      "has_sandstone": "2023-06-26 14:11:32 +0800"
    },
    "done": true
  },
  "compressium:recipes/building_blocks/cobblestone_1_uncraft": {
    "criteria": {
      "has_compressed_cobblestone_x1": "2023-06-26 14:07:16 +0800"
    },
    "done": true
  },
  "minecraft:recipes/tools/wooden_hoe": {
    "criteria": {
      "has_stick": "2023-06-27 17:23:18 +0800"
    },
    "done": true
  },
  "minecraft:recipes/building_blocks/cobblestone_slab": {
    "criteria": {
      "has_cobblestone": "2023-06-26 12:46:44 +0800"
    },
    "done": true
  },
  "minecraft:recipes/building_blocks/cut_sandstone_slab_from_sandstone_stonecutting": {
    "criteria": {
      "has_sandstone": "2023-06-26 14:11:32 +0800"
    },
    "done": true
  },
  "minecraft:recipes/building_blocks/cobblestone_stairs": {
    "criteria": {
      "has_cobblestone": "2023-06-26 12:46:44 +0800"
    },
    "done": true
  },
  "minecraft:recipes/building_blocks/black_concrete_powder": {
    "criteria": {
      "has_gravel": "2023-06-24 19:40:10 +0800"
    },
    "done": true
  },
  "minecraft:recipes/building_blocks/cut_sandstone": {
    "criteria": {
      "has_sandstone": "2023-06-26 14:11:32 +0800"
    },
    "done": true
  },
  "minecraft:recipes/building_blocks/chiseled_sandstone_from_sandstone_stonecutting": {
    "criteria": {
      "has_sandstone": "2023-06-26 14:11:32 +0800"
    },
    "done": true
  },
  "exnihilosequentia:recipes/exnihilosequentia/ens_wooden_crook": {
    "criteria": {
      "has_pebble": "2023-06-27 17:23:18 +0800"
    },
    "done": true
  },
  "minecraft:recipes/building_blocks/coarse_dirt": {
    "criteria": {
      "has_gravel": "2023-06-24 19:40:10 +0800"
    },
    "done": true
  },
  "minecraft:recipes/building_blocks/sandstone_stairs_from_sandstone_stonecutting": {
    "criteria": {
      "has_sandstone": "2023-06-26 14:11:32 +0800"
    },
    "done": true
  },
  "compressium:recipes/compressium/gravel_1": {
    "criteria": {
      "has_gravel": "2023-06-26 12:12:18 +0800"
    },
    "done": true
  },
  "compressium:recipes/compressium/gravel_2": {
    "criteria": {
      "has_compressed_gravel_x1": "2023-06-26 12:32:45 +0800"
    },
    "done": true
  },
  "minecraft:recipes/building_blocks/oak_wood": {
    "criteria": {
      "has_log": "2023-06-27 17:23:17 +0800"
    },
    "done": true
  },
  "minecraft:recipes/redstone/stone_button": {
    "criteria": {
      "has_stone": "2023-06-25 09:41:51 +0800"
    },
    "done": true
  },
  "minecraft:recipes/building_blocks/sandstone_slab_from_sandstone_stonecutting": {
    "criteria": {
      "has_sandstone": "2023-06-26 14:11:32 +0800"
    },
    "done": true
  },
  "minecraft:recipes/combat/crossbow": {
    "criteria": {
      "has_stick": "2023-06-27 17:23:18 +0800"
    },
    "done": true
  },
  "minecraft:recipes/building_blocks/light_gray_concrete_powder": {
    "criteria": {
      "has_gravel": "2023-06-24 19:40:10 +0800"
    },
    "done": true
  },
  "minecraft:recipes/building_blocks/light_blue_concrete_powder": {
    "criteria": {
      "has_gravel": "2023-06-24 19:40:10 +0800"
    },
    "done": true
  },
  "minecraft:recipes/building_blocks/packed_mud": {
    "criteria": {
      "has_mud": "2023-06-27 15:29:30 +0800"
    },
    "done": true
  },
  "exnihilosequentia:recipes/exnihilosequentia/ens_calcite_hammer": {
    "criteria": {
      "has_stick": "2023-06-27 17:23:18 +0800"
    },
    "done": true
  },
  "minecraft:recipes/building_blocks/glass": {
    "criteria": {
      "has_sand": "2023-06-24 19:40:13 +0800"
    },
    "done": true
  },
  "exnihilosequentia:recipes/exnihilosequentia/ens_dripstone_hammer": {
    "criteria": {
      "has_stick": "2023-06-27 17:23:18 +0800"
    },
    "done": true
  },
  "compressium:recipes/building_blocks/sand_1_uncraft": {
    "criteria": {
      "has_compressed_sand_x1": "2023-06-26 12:45:47 +0800"
    },
    "done": true
  },
  "minecraft:recipes/tools/spyglass": {
    "criteria": {
      "has_amethyst_shard": "2023-06-26 16:28:05 +0800"
    },
    "done": true
  },
  "minecraft:recipes/building_blocks/pink_concrete_powder": {
    "criteria": {
      "has_gravel": "2023-06-24 19:40:10 +0800"
    },
    "done": true
  },
  "minecraft:recipes/building_blocks/gravel_dust_to_gravel": {
    "criteria": {
      "has_gravel_dust": "2023-06-27 13:48:54 +0800"
    },
    "done": true
  },
  "exnihilosequentia:recipes/exnihilosequentia/ens_beehive_frame": {
    "criteria": {
      "has_stick": "2023-06-27 17:23:18 +0800"
    },
    "done": true
  },
  "minecraft:recipes/building_blocks/red_concrete_powder": {
    "criteria": {
      "has_gravel": "2023-06-24 19:40:10 +0800"
    },
    "done": true
  },
  "minecraft:recipes/building_blocks/sandstone_slab": {
    "criteria": {
      "has_sandstone": "2023-06-26 14:11:32 +0800"
    },
    "done": true
  },
  "exnihilosequentia:recipes/exnihilosequentia/ens_nether_brick_hammer": {
    "criteria": {
      "has_stick": "2023-06-27 17:23:18 +0800"
    },
    "done": true
  },
  "minecraft:recipes/building_blocks/smooth_sandstone": {
    "criteria": {
      "has_sandstone": "2023-06-26 14:11:32 +0800"
    },
    "done": true
  },
  "minecraft:recipes/building_blocks/yellow_stained_glass": {
    "criteria": {
      "has_glass": "2023-06-26 12:32:10 +0800"
    },
    "done": true
  },
  "minecraft:recipes/building_blocks/purple_concrete_powder": {
    "criteria": {
      "has_gravel": "2023-06-24 19:40:10 +0800"
    },
    "done": true
  },
  "minecraft:recipes/building_blocks/stone_stairs_from_stone_stonecutting": {
    "criteria": {
      "has_stone": "2023-06-25 09:41:51 +0800"
    },
    "done": true
  },
  "exnihilosequentia:recipes/exnihilosequentia/ens_terracotta_hammer": {
    "criteria": {
      "has_stick": "2023-06-27 17:23:18 +0800"
    },
    "done": true
  },
  "exnihilosequentia:recipes/exnihilosequentia/ens_flint_mesh": {
    "criteria": {
      "has_mesh": "2023-06-24 19:44:16 +0800"
    },
    "done": true
  },
  "minecraft:recipes/building_blocks/tinted_glass": {
    "criteria": {
      "has_amethyst_shard": "2023-06-26 16:28:05 +0800"
    },
    "done": true
  },
  "exnihilosequentia:recipes/exnihilosequentia/ens_cooked_silkworm_blast": {
    "criteria": {
      "has_silkworm": "2023-06-27 15:46:02 +0800"
    },
    "done": true
  },
  "exnihilosequentia:recipes/exnihilosequentia/ens_tuff_hammer": {
    "criteria": {
      "has_stick": "2023-06-27 17:23:18 +0800"
    },
    "done": true
  },
  "minecraft:story/mine_stone": {
    "criteria": {
      "get_stone": "2023-06-26 12:46:44 +0800"
    },
    "done": true
  },
  "minecraft:recipes/building_blocks/stone": {
    "criteria": {
      "has_cobblestone": "2023-06-26 12:46:44 +0800"
    },
    "done": true
  },
  "exnihilosequentia:recipes/exnihilosequentia/ens_red_nether_brick_hammer": {
    "criteria": {
      "has_stick": "2023-06-27 17:23:18 +0800"
    },
    "done": true
  },
  "compressium:recipes/compressium/sand_2": {
    "criteria": {
      "has_compressed_sand_x1": "2023-06-26 12:45:47 +0800"
    },
    "done": true
  },
  "minecraft:recipes/decorations/furnace": {
    "criteria": {
      "has_cobblestone": "2023-06-26 12:46:44 +0800"
    },
    "done": true
  },
  "exnihilosequentia:recipes/exnihilosequentia/ens_deepslate_hammer": {
    "criteria": {
      "has_stick": "2023-06-27 17:23:18 +0800"
    },
    "done": true
  },
  "compressium:recipes/compressium/sand_1": {
    "criteria": {
      "has_sand": "2023-06-26 12:12:18 +0800"
    },
    "done": true
  },
  "minecraft:recipes/decorations/stonecutter": {
    "criteria": {
      "has_stone": "2023-06-25 09:41:51 +0800"
    },
    "done": true
  },
  "minecraft:recipes/brewing/cauldron": {
    "criteria": {
      "has_water_bucket": "2023-06-27 14:24:32 +0800"
    },
    "done": true
  },
  "minecraft:adventure/adventuring_time": {
    "criteria": {
      "minecraft:taiga": "2023-06-24 17:11:20 +0800",
      "minecraft:lush_caves": "2023-06-26 11:08:40 +0800"
    },
    "done": false
  },
  "minecraft:recipes/building_blocks/sandstone": {
    "criteria": {
      "has_sand": "2023-06-24 19:40:13 +0800"
    },
    "done": true
  },
  "minecraft:recipes/building_blocks/red_stained_glass": {
    "criteria": {
      "has_glass": "2023-06-26 12:32:10 +0800"
    },
    "done": true
  },
  "minecraft:recipes/misc/charcoal": {
    "criteria": {
      "has_log": "2023-06-27 17:23:17 +0800"
    },
    "done": true
  },
  "exnihilosequentia:recipes/exnihilosequentia/ens_copper_hammer": {
    "criteria": {
      "has_stick": "2023-06-27 17:23:18 +0800"
    },
    "done": true
  },
  "minecraft:recipes/tools/wooden_pickaxe": {
    "criteria": {
      "has_stick": "2023-06-27 17:23:18 +0800"
    },
    "done": true
  },
  "minecraft:recipes/building_blocks/cobblestone_slab_from_cobblestone_stonecutting": {
    "criteria": {
      "has_cobblestone": "2023-06-26 12:46:44 +0800"
    },
    "done": true
  },
  "exnihilosequentia:recipes/exnihilosequentia/ens_basalt_hammer": {
    "criteria": {
      "has_stick": "2023-06-27 17:23:18 +0800"
    },
    "done": true
  },
  "minecraft:recipes/transportation/birch_boat": {
    "criteria": {
      "in_water": "2023-06-27 14:26:08 +0800"
    },
    "done": true
  },
  "minecraft:recipes/combat/stone_sword": {
    "criteria": {
      "has_cobblestone": "2023-06-26 12:46:44 +0800"
    },
    "done": true
  },
  "minecraft:recipes/decorations/cobblestone_wall": {
    "criteria": {
      "has_cobblestone": "2023-06-26 12:46:44 +0800"
    },
    "done": true
  },
  "minecraft:recipes/building_blocks/green_concrete_powder": {
    "criteria": {
      "has_gravel": "2023-06-24 19:40:10 +0800"
    },
    "done": true
  },
  "minecraft:recipes/transportation/acacia_boat": {
    "criteria": {
      "in_water": "2023-06-27 14:26:08 +0800"
    },
    "done": true
  },
  "minecraft:recipes/tools/stone_pickaxe": {
    "criteria": {
      "has_cobblestone": "2023-06-26 12:46:44 +0800"
    },
    "done": true
  },
  "exnihilosequentia:recipes/exnihilosequentia/ens_andesite_hammer": {
    "criteria": {
      "has_stick": "2023-06-27 17:23:18 +0800"
    },
    "done": true
  },
  "minecraft:recipes/building_blocks/orange_stained_glass": {
    "criteria": {
      "has_glass": "2023-06-26 12:32:10 +0800"
    },
    "done": true
  },
  "minecraft:recipes/redstone/stone_pressure_plate": {
    "criteria": {
      "has_stone": "2023-06-25 09:41:51 +0800"
    },
    "done": true
  },
  "minecraft:adventure/root": {
    "criteria": {
      "killed_by_something": "2023-06-26 11:08:45 +0800"
    },
    "done": true
  },
  "minecraft:recipes/building_blocks/brown_stained_glass": {
    "criteria": {
      "has_glass": "2023-06-26 12:32:10 +0800"
    },
    "done": true
  },
  "minecraft:recipes/transportation/jungle_boat": {
    "criteria": {
      "in_water": "2023-06-27 14:26:08 +0800"
    },
    "done": true
  },
  "minecraft:recipes/decorations/cobblestone_wall_from_cobblestone_stonecutting": {
    "criteria": {
      "has_cobblestone": "2023-06-26 12:46:44 +0800"
    },
    "done": true
  },
  "minecraft:recipes/decorations/stone_brick_walls_from_stone_stonecutting": {
    "criteria": {
      "has_stone": "2023-06-25 09:41:51 +0800"
    },
    "done": true
  },
  "minecraft:recipes/building_blocks/white_concrete_powder": {
    "criteria": {
      "has_gravel": "2023-06-24 19:40:10 +0800"
    },
    "done": true
  },
  "minecraft:recipes/building_blocks/light_gray_stained_glass": {
    "criteria": {
      "has_glass": "2023-06-26 12:32:10 +0800"
    },
    "done": true
  },
  "minecraft:recipes/building_blocks/stone_brick_stairs_from_stone_stonecutting": {
    "criteria": {
      "has_stone": "2023-06-25 09:41:51 +0800"
    },
    "done": true
  },
  "minecraft:recipes/tools/stone_hoe": {
    "criteria": {
      "has_cobblestone": "2023-06-26 12:46:44 +0800"
    },
    "done": true
  },
  "minecraft:recipes/building_blocks/sand_dust_to_sand": {
    "criteria": {
      "has_sand_dust": "2023-06-27 13:48:54 +0800"
    },
    "done": true
  },
  "minecraft:recipes/transportation/dark_oak_boat": {
    "criteria": {
      "in_water": "2023-06-27 14:26:08 +0800"
    },
    "done": true
  },
  "exnihilosequentia:recipes/exnihilosequentia/ens_cooked_silkworm": {
    "criteria": {
      "has_silkworm": "2023-06-27 15:46:02 +0800"
    },
    "done": true
  },
  "mekanism:root": {
    "criteria": {
      "automatic": "2023-06-27 16:04:41 +0800"
    },
    "done": true
  },
  "exnihilosequentia:recipes/exnihilosequentia/ens_golden_hammer": {
    "criteria": {
      "has_stick": "2023-06-27 17:23:18 +0800"
    },
    "done": true
  },
  "exnihilosequentia:recipes/exnihilosequentia/ens_granite_hammer": {
    "criteria": {
      "has_stick": "2023-06-27 17:23:18 +0800"
    },
    "done": true
  },
  "exnihilosequentia:recipes/exnihilosequentia/ens_stone_hammer": {
    "criteria": {
      "has_material": "2023-06-26 12:46:44 +0800"
    },
    "done": true
  },
  "exnihilosequentia:recipes/exnihilosequentia/ens_cooked_silkworm_from_campfire": {
    "criteria": {
      "has_silkworm": "2023-06-27 15:46:02 +0800"
    },
    "done": true
  },
  "minecraft:recipes/building_blocks/lime_stained_glass": {
    "criteria": {
      "has_glass": "2023-06-26 12:32:10 +0800"
    },
    "done": true
  },
  "minecraft:recipes/building_blocks/stone_stairs": {
    "criteria": {
      "has_stone": "2023-06-25 09:41:51 +0800"
    },
    "done": true
  },
  "exnihilosequentia:recipes/exnihilosequentia/ens_wooden_hammer": {
    "criteria": {
      "has_stick": "2023-06-27 17:23:18 +0800"
    },
    "done": true
  },
  "progressthroughskies:recipes/progress_through_skies/bedrock_gravel": {
    "criteria": {
      "has_bedrock_dust": "2023-06-26 11:44:43 +0800"
    },
    "done": true
  },
  "minecraft:recipes/decorations/sandstone_wall": {
    "criteria": {
      "has_sandstone": "2023-06-26 14:11:32 +0800"
    },
    "done": true
  },
  "minecraft:recipes/decorations/glass_pane": {
    "criteria": {
      "has_glass": "2023-06-26 12:32:10 +0800"
    },
    "done": true
  },
  "exnihilosequentia:recipes/exnihilosequentia/ens_cooked_silkworm_from_smoker": {
    "criteria": {
      "has_silkworm": "2023-06-27 15:46:02 +0800"
    },
    "done": true
  },
  "exnihilosequentia:recipes/exnihilosequentia/ens_diamond_hammer": {
    "criteria": {
      "has_stick": "2023-06-27 17:23:18 +0800"
    },
    "done": true
  },
  "minecraft:recipes/building_blocks/magenta_stained_glass": {
    "criteria": {
      "has_glass": "2023-06-26 12:32:10 +0800"
    },
    "done": true
  },
  "minecraft:recipes/transportation/oak_boat": {
    "criteria": {
      "in_water": "2023-06-27 14:26:08 +0800"
    },
    "done": true
  },
  "minecraft:recipes/decorations/soul_campfire": {
    "criteria": {
      "has_stick": "2023-06-27 17:23:18 +0800"
    },
    "done": true
  },
  "exnihilosequentia:recipes/exnihilosequentia/ens_diorite_hammer": {
    "criteria": {
      "has_stick": "2023-06-27 17:23:18 +0800"
    },
    "done": true
  },
  "minecraft:recipes/tools/stone_axe": {
    "criteria": {
      "has_cobblestone": "2023-06-26 12:46:44 +0800"
    },
    "done": true
  },
  "minecraft:recipes/building_blocks/light_blue_stained_glass": {
    "criteria": {
      "has_glass": "2023-06-26 12:32:10 +0800"
    },
    "done": true
  },
  "minecraft:recipes/decorations/sandstone_wall_from_sandstone_stonecutting": {
    "criteria": {
      "has_sandstone": "2023-06-26 14:11:32 +0800"
    },
    "done": true
  },
  "minecraft:recipes/building_blocks/orange_concrete_powder": {
    "criteria": {
      "has_gravel": "2023-06-24 19:40:10 +0800"
    },
    "done": true
  },
  "compressium:recipes/building_blocks/gravel_1_uncraft": {
    "criteria": {
      "has_compressed_gravel_x1": "2023-06-26 12:32:45 +0800"
    },
    "done": true
  },
  "minecraft:recipes/building_blocks/cyan_concrete_powder": {
    "criteria": {
      "has_gravel": "2023-06-24 19:40:10 +0800"
    },
    "done": true
  },
  "minecraft:recipes/building_blocks/pink_stained_glass": {
    "criteria": {
      "has_glass": "2023-06-26 12:32:10 +0800"
    },
    "done": true
  },
  "DataVersion": 3120
}