{"stats":{"minecraft:crafted":{"compressium:gravel_1":3,"compressium:sand_1":4,"minecraft:cobblestone":2,"exnihilosequentia:stone_crook":2,"minecraft:gravel":26,"progressthroughskies:bedrock_gravel":99,"minecraft:sand":17,"progressthroughskies:rain_wand":1},"minecraft:killed_by":{"minecraft:phantom":1},"minecraft:mined":{"minecraft:mud":1,"compressium:gravel_1":3,"minecraft:oak_log":11,"minecraft:grass":6,"minecraft:grass_block":34,"minecraft:gravel":1,"minecraft:sand":2,"minecraft:dirt":1,"stonechest:chest_cobblestone":1,"minecraft:oak_leaves":10,"progressthroughskies:bedrock_gravel":77},"minecraft:custom":{"minecraft:time_since_rest":12383,"minecraft:damage_taken":580,"minecraft:walk_one_cm":78763,"minecraft:drop":8,"minecraft:fly_one_cm":11789,"minecraft:open_chest":1,"minecraft:play_time":329503,"minecraft:crouch_one_cm":47334,"minecraft:deaths":2,"minecraft:sneak_time":11424,"minecraft:jump":495,"minecraft:interact_with_stonecutter":1,"minecraft:leave_game":23,"minecraft:time_since_death":12357,"minecraft:walk_on_water_one_cm":284,"minecraft:total_world_time":894344,"minecraft:fall_one_cm":1045},"minecraft:dropped":{"progressthroughskies:gravel_dust":3,"progressthroughskies:bedrock_dust":8,"minecraft:amethyst_shard":1,"minecraft:glass":1},"minecraft:used":{"minecraft:oak_log":1,"minecraft:mud":1,"thermal:device_tree_extractor":1,"minecraft:water_bucket":5,"minecraft:grass_block":32,"thermal:device_water_gen":1,"thermal:device_potion_diffuser":1,"exnihilosequentia:stone_crook":42,"minecraft:stone":1,"thermal:device_rock_gen":1,"minecraft:stonecutter":1,"exnihilosequentia:oak_sieve":2,"minecraft:grass":6,"minecraft:gravel":6,"exnihilosequentia:stone_barrel":3,"thermal:device_composter":1,"thermal:tinker_bench":1,"minecraft:dirt":5,"minecraft:sand":3,"thermal:device_nullifier":1,"progressthroughskies:bedrock_gravel":79,"minecraft:oak_sapling":2,"exnihilosequentia:grass_seeds":4,"minecraft:bucket":3,"compressium:gravel_1":3,"thermal:device_collector":1,"progressthroughskies:dusted_bedrock":2},"minecraft:picked_up":{"progressthroughskies:gravel_dust":233,"minecraft:mud":2,"minecraft:stick":1,"minecraft:gravel":24,"minecraft:sand":8,"compressium:gravel_1":3,"minecraft:oak_log":11,"minecraft:grass_block":30,"exnihilosequentia:silkworm":26,"progressthroughskies:sand_dust":74,"minecraft:dirt":93,"minecraft:glass":1,"minecraft:wheat_seeds":1,"minecraft:grass":22,"exnihilosequentia:grass_seeds":7,"minecraft:oak_sapling":14,"progressthroughskies:bedrock_dust":405}},"DataVersion":3120}