{
  "minecraft:recipes/tools/fishing_rod": {
    "criteria": {
      "has_string": "2023-06-28 15:43:19 +0800"
    },
    "done": true
  },
  "ilikewood:recipes/combat/birch_crossbow": {
    "criteria": {
      "has_string": "2023-06-28 15:43:19 +0800"
    },
    "done": true
  },
  "ilikewood:recipes/tools/stone_acacia_pickaxe": {
    "criteria": {
      "has_material": "2023-06-28 15:42:11 +0800"
    },
    "done": true
  },
  "ilikewood:recipes/combat/mangrove_bow": {
    "criteria": {
      "has_string": "2023-06-28 15:43:19 +0800"
    },
    "done": true
  },
  "minecraft:recipes/redstone/lever": {
    "criteria": {
      "has_cobblestone": "2023-06-28 15:42:11 +0800"
    },
    "done": true
  },
  "minecraft:recipes/building_blocks/cobblestone_stairs_from_cobblestone_stonecutting": {
    "criteria": {
      "has_cobblestone": "2023-06-28 15:42:11 +0800"
    },
    "done": true
  },
  "minecraft:recipes/building_blocks/magenta_concrete_powder": {
    "criteria": {
      "has_gravel": "2023-06-28 15:41:23 +0800"
    },
    "done": true
  },
  "minecraft:recipes/building_blocks/lime_concrete_powder": {
    "criteria": {
      "has_gravel": "2023-06-28 15:41:23 +0800"
    },
    "done": true
  },
  "ilikewood:recipes/combat/crimson_crossbow": {
    "criteria": {
      "has_string": "2023-06-28 15:43:19 +0800"
    },
    "done": true
  },
  "ilikewood:recipes/tools/stone_oak_shovel": {
    "criteria": {
      "has_material": "2023-06-28 15:42:11 +0800"
    },
    "done": true
  },
  "minecraft:recipes/building_blocks/yellow_concrete_powder": {
    "criteria": {
      "has_gravel": "2023-06-28 15:41:23 +0800"
    },
    "done": true
  },
  "ilikewood:recipes/tools/stone_mangrove_shovel": {
    "criteria": {
      "has_material": "2023-06-28 15:42:11 +0800"
    },
    "done": true
  },
  "minecraft:recipes/decorations/candle": {
    "criteria": {
      "has_string": "2023-06-28 15:43:19 +0800"
    },
    "done": true
  },
  "minecraft:recipes/decorations/campfire": {
    "criteria": {
      "has_stick": "2023-06-28 15:45:25 +0800"
    },
    "done": true
  },
  "ilikewood:recipes/tools/stone_birch_sword": {
    "criteria": {
      "has_material": "2023-06-28 15:42:11 +0800"
    },
    "done": true
  },
  "ilikewood:recipes/tools/stone_dark_oak_shovel": {
    "criteria": {
      "has_material": "2023-06-28 15:42:11 +0800"
    },
    "done": true
  },
  "minecraft:recipes/decorations/ladder": {
    "criteria": {
      "has_stick": "2023-06-28 15:45:25 +0800"
    },
    "done": true
  },
  "minecraft:recipes/decorations/chest": {
    "criteria": {
      "has_lots_of_items": "2023-06-28 15:45:03 +0800"
    },
    "done": true
  },
  "minecraft:recipes/building_blocks/brown_concrete_powder": {
    "criteria": {
      "has_gravel": "2023-06-28 15:41:23 +0800"
    },
    "done": true
  },
  "exnihilosequentia:recipes/exnihilosequentia/ens_oak_crucible": {
    "criteria": {
      "has_logs": "2023-06-28 15:45:30 +0800"
    },
    "done": true
  },
  "minecraft:recipes/tools/wooden_shovel": {
    "criteria": {
      "has_stick": "2023-06-28 15:45:25 +0800"
    },
    "done": true
  },
  "immersiveengineering:recipes/decorations/crafting/torch": {
    "criteria": {
      "has_stick": "2023-06-28 15:45:25 +0800"
    },
    "done": true
  },
  "ilikewood:recipes/decorations/oak_post": {
    "criteria": {
      "has_log": "2023-06-28 15:45:30 +0800"
    },
    "done": true
  },
  "ilikewood:recipes/combat/spruce_bow": {
    "criteria": {
      "has_string": "2023-06-28 15:43:19 +0800"
    },
    "done": true
  },
  "ilikewood:recipes/tools/acacia_fishing_rod": {
    "criteria": {
      "has_string": "2023-06-28 15:43:19 +0800"
    },
    "done": true
  },
  "ilikewood:recipes/tools/stone_oak_sword": {
    "criteria": {
      "has_material": "2023-06-28 15:42:11 +0800"
    },
    "done": true
  },
  "ilikewood:recipes/building_blocks/oak_slab_from_oak_log_sawmilling": {
    "criteria": {
      "has_oak_log": "2023-06-28 15:45:30 +0800"
    },
    "done": true
  },
  "minecraft:husbandry/balanced_diet": {
    "criteria": {
      "apple": "2023-06-28 15:46:41 +0800"
    },
    "done": false
  },
  "minecraft:recipes/tools/wooden_hoe": {
    "criteria": {
      "has_stick": "2023-06-28 15:45:25 +0800"
    },
    "done": true
  },
  "ilikewood:recipes/tools/stone_warped_hoe": {
    "criteria": {
      "has_material": "2023-06-28 15:42:11 +0800"
    },
    "done": true
  },
  "ilikewood:recipes/tools/stone_dark_oak_hoe": {
    "criteria": {
      "has_material": "2023-06-28 15:42:11 +0800"
    },
    "done": true
  },
  "minecraft:recipes/building_blocks/cobblestone_slab": {
    "criteria": {
      "has_cobblestone": "2023-06-28 15:42:11 +0800"
    },
    "done": true
  },
  "minecraft:recipes/building_blocks/cobblestone_stairs": {
    "criteria": {
      "has_cobblestone": "2023-06-28 15:42:11 +0800"
    },
    "done": true
  },
  "ilikewood:recipes/combat/birch_bow": {
    "criteria": {
      "has_string": "2023-06-28 15:43:19 +0800"
    },
    "done": true
  },
  "ilikewood:recipes/tools/stone_oak_hoe": {
    "criteria": {
      "has_material": "2023-06-28 15:42:11 +0800"
    },
    "done": true
  },
  "minecraft:recipes/building_blocks/coarse_dirt": {
    "criteria": {
      "has_gravel": "2023-06-28 15:41:23 +0800"
    },
    "done": true
  },
  "ilikewood:recipes/combat/oak_bow": {
    "criteria": {
      "has_string": "2023-06-28 15:43:19 +0800"
    },
    "done": true
  },
  "integrateddynamics:root": {
    "criteria": {
      "criteria_0": "2023-06-28 15:40:31 +0800"
    },
    "done": true
  },
  "minecraft:recipes/building_blocks/light_gray_concrete_powder": {
    "criteria": {
      "has_gravel": "2023-06-28 15:41:23 +0800"
    },
    "done": true
  },
  "minecraft:recipes/building_blocks/light_blue_concrete_powder": {
    "criteria": {
      "has_gravel": "2023-06-28 15:41:23 +0800"
    },
    "done": true
  },
  "ilikewood:recipes/combat/oak_crossbow": {
    "criteria": {
      "has_string": "2023-06-28 15:43:19 +0800"
    },
    "done": true
  },
  "minecraft:recipes/building_blocks/glass": {
    "criteria": {
      "has_sand": "2023-06-28 15:41:25 +0800"
    },
    "done": true
  },
  "exnihilosequentia:recipes/exnihilosequentia/ens_dripstone_hammer": {
    "criteria": {
      "has_stick": "2023-06-28 15:45:25 +0800"
    },
    "done": true
  },
  "minecraft:recipes/building_blocks/gravel_dust_to_gravel": {
    "criteria": {
      "has_gravel_dust": "2023-06-28 15:41:20 +0800"
    },
    "done": true
  },
  "minecraft:recipes/building_blocks/pink_concrete_powder": {
    "criteria": {
      "has_gravel": "2023-06-28 15:41:23 +0800"
    },
    "done": true
  },
  "exnihilosequentia:recipes/exnihilosequentia/ens_beehive_frame": {
    "criteria": {
      "has_string": "2023-06-28 15:43:19 +0800"
    },
    "done": true
  },
  "minecraft:recipes/combat/bow": {
    "criteria": {
      "has_string": "2023-06-28 15:43:19 +0800"
    },
    "done": true
  },
  "ilikewood:recipes/misc/stick_from_oak_log_sawmilling": {
    "criteria": {
      "has_oak_log": "2023-06-28 15:45:30 +0800"
    },
    "done": true
  },
  "storagedrawers:recipes/storagedrawers/birch_trim": {
    "criteria": {
      "has_planks": "2023-06-28 15:40:19 +0800"
    },
    "done": true
  },
  "minecraft:recipes/building_blocks/purple_concrete_powder": {
    "criteria": {
      "has_gravel": "2023-06-28 15:41:23 +0800"
    },
    "done": true
  },
  "exnihilosequentia:recipes/exnihilosequentia/ens_cooked_silkworm_blast": {
    "criteria": {
      "has_silkworm": "2023-06-28 15:45:03 +0800"
    },
    "done": true
  },
  "exnihilosequentia:recipes/exnihilosequentia/ens_tuff_hammer": {
    "criteria": {
      "has_stick": "2023-06-28 15:45:25 +0800"
    },
    "done": true
  },
  "ilikewood:recipes/tools/stone_crimson_hoe": {
    "criteria": {
      "has_material": "2023-06-28 15:42:11 +0800"
    },
    "done": true
  },
  "ilikewood:recipes/tools/stone_acacia_axe": {
    "criteria": {
      "has_material": "2023-06-28 15:42:11 +0800"
    },
    "done": true
  },
  "ilikewood:recipes/tools/warped_fishing_rod": {
    "criteria": {
      "has_string": "2023-06-28 15:43:19 +0800"
    },
    "done": true
  },
  "minecraft:story/mine_stone": {
    "criteria": {
      "get_stone": "2023-06-28 15:42:11 +0800"
    },
    "done": true
  },
  "minecraft:recipes/decorations/furnace": {
    "criteria": {
      "has_cobblestone": "2023-06-28 15:42:11 +0800"
    },
    "done": true
  },
  "ilikewood:recipes/tools/stone_birch_shovel": {
    "criteria": {
      "has_material": "2023-06-28 15:42:11 +0800"
    },
    "done": true
  },
  "minecraft:recipes/building_blocks/sandstone": {
    "criteria": {
      "has_sand": "2023-06-28 15:41:25 +0800"
    },
    "done": true
  },
  "minecraft:recipes/misc/charcoal": {
    "criteria": {
      "has_log": "2023-06-28 15:45:30 +0800"
    },
    "done": true
  },
  "minecraft:recipes/tools/wooden_pickaxe": {
    "criteria": {
      "has_stick": "2023-06-28 15:45:25 +0800"
    },
    "done": true
  },
  "minecraft:recipes/building_blocks/cobblestone_slab_from_cobblestone_stonecutting": {
    "criteria": {
      "has_cobblestone": "2023-06-28 15:42:11 +0800"
    },
    "done": true
  },
  "ilikewood:recipes/tools/stone_warped_axe": {
    "criteria": {
      "has_material": "2023-06-28 15:42:11 +0800"
    },
    "done": true
  },
  "exnihilosequentia:recipes/exnihilosequentia/ens_basalt_hammer": {
    "criteria": {
      "has_stick": "2023-06-28 15:45:25 +0800"
    },
    "done": true
  },
  "minecraft:husbandry/root": {
    "criteria": {
      "consumed_item": "2023-06-28 15:46:41 +0800"
    },
    "done": true
  },
  "ilikewood:recipes/combat/acacia_crossbow": {
    "criteria": {
      "has_string": "2023-06-28 15:43:19 +0800"
    },
    "done": true
  },
  "minecraft:recipes/building_blocks/green_concrete_powder": {
    "criteria": {
      "has_gravel": "2023-06-28 15:41:23 +0800"
    },
    "done": true
  },
  "storagedrawers:recipes/storagedrawers/min_redstone_upgrade": {
    "criteria": {
      "has_template": "2023-06-28 15:40:19 +0800"
    },
    "done": true
  },
  "storagedrawers:recipes/storagedrawers/void_upgrade": {
    "criteria": {
      "has_template": "2023-06-28 15:40:19 +0800"
    },
    "done": true
  },
  "exnihilosequentia:recipes/exnihilosequentia/ens_andesite_hammer": {
    "criteria": {
      "has_stick": "2023-06-28 15:45:25 +0800"
    },
    "done": true
  },
  "farmersdelight:recipes/farmersdelight/cutting_board": {
    "criteria": {
      "has_stick": "2023-06-28 15:45:25 +0800"
    },
    "done": true
  },
  "ilikewood:recipes/tools/stone_dark_oak_pickaxe": {
    "criteria": {
      "has_material": "2023-06-28 15:42:11 +0800"
    },
    "done": true
  },
  "storagedrawers:recipes/storagedrawers/warped_trim": {
    "criteria": {
      "has_planks": "2023-06-28 15:40:19 +0800"
    },
    "done": true
  },
  "minecraft:recipes/building_blocks/white_concrete_powder": {
    "criteria": {
      "has_gravel": "2023-06-28 15:41:23 +0800"
    },
    "done": true
  },
  "ilikewood:recipes/tools/birch_fishing_rod": {
    "criteria": {
      "has_string": "2023-06-28 15:43:19 +0800"
    },
    "done": true
  },
  "farmersdelight:main/root": {
    "criteria": {
      "seeds": "2023-06-28 15:40:19 +0800"
    },
    "done": true
  },
  "ilikewood:recipes/combat/acacia_bow": {
    "criteria": {
      "has_string": "2023-06-28 15:43:19 +0800"
    },
    "done": true
  },
  "minecraft:recipes/building_blocks/sand_dust_to_sand": {
    "criteria": {
      "has_sand_dust": "2023-06-28 15:41:20 +0800"
    },
    "done": true
  },
  "minecraft:recipes/tools/stone_hoe": {
    "criteria": {
      "has_cobblestone": "2023-06-28 15:42:11 +0800"
    },
    "done": true
  },
  "minecraft:recipes/building_blocks/white_wool_from_string": {
    "criteria": {
      "has_string": "2023-06-28 15:43:19 +0800"
    },
    "done": true
  },
  "ilikewood:recipes/tools/crimson_fishing_rod": {
    "criteria": {
      "has_string": "2023-06-28 15:43:19 +0800"
    },
    "done": true
  },
  "exnihilosequentia:recipes/exnihilosequentia/ens_cooked_silkworm": {
    "criteria": {
      "has_silkworm": "2023-06-28 15:45:03 +0800"
    },
    "done": true
  },
  "storagedrawers:recipes/storagedrawers/illumination_upgrade": {
    "criteria": {
      "has_template": "2023-06-28 15:40:19 +0800"
    },
    "done": true
  },
  "ae2:recipes/ae2.main/network/blocks/crank": {
    "criteria": {
      "has_stick": "2023-06-28 15:45:25 +0800"
    },
    "done": true
  },
  "mekanism:root": {
    "criteria": {
      "automatic": "2023-06-28 15:39:52 +0800"
    },
    "done": true
  },
  "ilikewood:recipes/tools/stone_jungle_shovel": {
    "criteria": {
      "has_material": "2023-06-28 15:42:11 +0800"
    },
    "done": true
  },
  "exnihilosequentia:recipes/exnihilosequentia/ens_granite_hammer": {
    "criteria": {
      "has_stick": "2023-06-28 15:45:25 +0800"
    },
    "done": true
  },
  "exnihilosequentia:recipes/exnihilosequentia/ens_stone_hammer": {
    "criteria": {
      "has_material": "2023-06-28 15:42:11 +0800"
    },
    "done": true
  },
  "exnihilosequentia:recipes/exnihilosequentia/ens_cooked_silkworm_from_campfire": {
    "criteria": {
      "has_silkworm": "2023-06-28 15:45:03 +0800"
    },
    "done": true
  },
  "ilikewood:recipes/tools/stone_jungle_pickaxe": {
    "criteria": {
      "has_material": "2023-06-28 15:42:11 +0800"
    },
    "done": true
  },
  "ilikewood:recipes/tools/stone_mangrove_axe": {
    "criteria": {
      "has_material": "2023-06-28 15:42:11 +0800"
    },
    "done": true
  },
  "storagedrawers:recipes/storagedrawers/redstone_upgrade": {
    "criteria": {
      "has_template": "2023-06-28 15:40:19 +0800"
    },
    "done": true
  },
  "exnihilosequentia:recipes/exnihilosequentia/ens_wooden_hammer": {
    "criteria": {
      "has_stick": "2023-06-28 15:45:25 +0800"
    },
    "done": true
  },
  "create:root": {
    "criteria": {
      "0": "2023-06-28 15:40:19 +0800"
    },
    "done": true
  },
  "ilikewood:recipes/tools/stone_acacia_shovel": {
    "criteria": {
      "has_material": "2023-06-28 15:42:11 +0800"
    },
    "done": true
  },
  "exnihilosequentia:recipes/exnihilosequentia/ens_cooked_silkworm_from_smoker": {
    "criteria": {
      "has_silkworm": "2023-06-28 15:45:03 +0800"
    },
    "done": true
  },
  "storagedrawers:recipes/storagedrawers/diamond_storage_upgrade": {
    "criteria": {
      "has_template": "2023-06-28 15:40:19 +0800"
    },
    "done": true
  },
  "ilikewood:recipes/combat/warped_crossbow": {
    "criteria": {
      "has_string": "2023-06-28 15:43:19 +0800"
    },
    "done": true
  },
  "storagedrawers:recipes/storagedrawers/concealment_key": {
    "criteria": {
      "has_template": "2023-06-28 15:40:19 +0800"
    },
    "done": true
  },
  "storagedrawers:recipes/storagedrawers/spruce_trim": {
    "criteria": {
      "has_planks": "2023-06-28 15:40:19 +0800"
    },
    "done": true
  },
  "storagedrawers:recipes/storagedrawers/iron_storage_upgrade": {
    "criteria": {
      "has_template": "2023-06-28 15:40:19 +0800"
    },
    "done": true
  },
  "ilikewood:recipes/tools/stone_jungle_hoe": {
    "criteria": {
      "has_material": "2023-06-28 15:42:11 +0800"
    },
    "done": true
  },
  "storagedrawers:recipes/storagedrawers/jungle_trim": {
    "criteria": {
      "has_planks": "2023-06-28 15:40:19 +0800"
    },
    "done": true
  },
  "farmersdelight:recipes/farmersdelight/cooking/apple_cider": {
    "criteria": {
      "has_apple": "2023-06-28 15:46:39 +0800"
    },
    "done": true
  },
  "ilikewood:recipes/tools/stone_birch_pickaxe": {
    "criteria": {
      "has_material": "2023-06-28 15:42:11 +0800"
    },
    "done": true
  },
  "exnihilosequentia:recipes/exnihilosequentia/ens_diorite_hammer": {
    "criteria": {
      "has_stick": "2023-06-28 15:45:25 +0800"
    },
    "done": true
  },
  "minecraft:recipes/building_blocks/orange_concrete_powder": {
    "criteria": {
      "has_gravel": "2023-06-28 15:41:23 +0800"
    },
    "done": true
  },
  "minecraft:recipes/building_blocks/cyan_concrete_powder": {
    "criteria": {
      "has_gravel": "2023-06-28 15:41:23 +0800"
    },
    "done": true
  },
  "ilikewood:recipes/combat/dark_oak_crossbow": {
    "criteria": {
      "has_string": "2023-06-28 15:43:19 +0800"
    },
    "done": true
  },
  "ilikewood:recipes/tools/spruce_fishing_rod": {
    "criteria": {
      "has_string": "2023-06-28 15:43:19 +0800"
    },
    "done": true
  },
  "minecraft:recipes/tools/wooden_axe": {
    "criteria": {
      "has_stick": "2023-06-28 15:45:25 +0800"
    },
    "done": true
  },
  "minecraft:recipes/decorations/loom": {
    "criteria": {
      "has_string": "2023-06-28 15:43:19 +0800"
    },
    "done": true
  },
  "ilikewood:recipes/tools/stone_oak_axe": {
    "criteria": {
      "has_material": "2023-06-28 15:42:11 +0800"
    },
    "done": true
  },
  "ilikewood:recipes/tools/stone_mangrove_pickaxe": {
    "criteria": {
      "has_material": "2023-06-28 15:42:11 +0800"
    },
    "done": true
  },
  "compressium:recipes/compressium/cobblestone_1": {
    "criteria": {
      "has_cobblestone": "2023-06-28 15:42:11 +0800"
    },
    "done": true
  },
  "ilikewood:recipes/building_blocks/stripped_oak_log_from_oak_log_sawmilling": {
    "criteria": {
      "has_oak_log": "2023-06-28 15:45:30 +0800"
    },
    "done": true
  },
  "ilikewood:recipes/tools/stone_dark_oak_sword": {
    "criteria": {
      "has_material": "2023-06-28 15:42:11 +0800"
    },
    "done": true
  },
  "ilikewood:recipes/tools/stone_oak_pickaxe": {
    "criteria": {
      "has_material": "2023-06-28 15:42:11 +0800"
    },
    "done": true
  },
  "compressium:recipes/compressium/dirt_1": {
    "criteria": {
      "has_dirt": "2023-06-28 15:43:05 +0800"
    },
    "done": true
  },
  "woodenbucket:recipes/misc/wooden_bucket": {
    "criteria": {
      "has_log": "2023-06-28 15:45:30 +0800"
    },
    "done": true
  },
  "exnihilosequentia:recipes/exnihilosequentia/ens_iron_hammer": {
    "criteria": {
      "has_stick": "2023-06-28 15:45:25 +0800"
    },
    "done": true
  },
  "ilikewood:recipes/tools/stone_jungle_axe": {
    "criteria": {
      "has_material": "2023-06-28 15:42:11 +0800"
    },
    "done": true
  },
  "storagedrawers:recipes/storagedrawers/fill_level_upgrade": {
    "criteria": {
      "has_template": "2023-06-28 15:40:19 +0800"
    },
    "done": true
  },
  "minecraft:recipes/tools/stone_shovel": {
    "criteria": {
      "has_cobblestone": "2023-06-28 15:42:11 +0800"
    },
    "done": true
  },
  "minecraft:recipes/combat/wooden_sword": {
    "criteria": {
      "has_stick": "2023-06-28 15:45:25 +0800"
    },
    "done": true
  },
  "ilikewood:recipes/decorations/oak_wall": {
    "criteria": {
      "has_log": "2023-06-28 15:45:30 +0800"
    },
    "done": true
  },
  "minecraft:recipes/building_blocks/oak_planks": {
    "criteria": {
      "has_logs": "2023-06-28 15:45:30 +0800"
    },
    "done": true
  },
  "storagedrawers:recipes/storagedrawers/quantify_key": {
    "criteria": {
      "has_template": "2023-06-28 15:40:19 +0800"
    },
    "done": true
  },
  "minecraft:recipes/building_blocks/blue_concrete_powder": {
    "criteria": {
      "has_gravel": "2023-06-28 15:41:23 +0800"
    },
    "done": true
  },
  "storagedrawers:recipes/storagedrawers/max_redstone_upgrade": {
    "criteria": {
      "has_template": "2023-06-28 15:40:19 +0800"
    },
    "done": true
  },
  "minecraft:recipes/building_blocks/gray_concrete_powder": {
    "criteria": {
      "has_gravel": "2023-06-28 15:41:23 +0800"
    },
    "done": true
  },
  "tombstone:adventure/root": {
    "criteria": {
      "auto": "2023-06-28 15:39:59 +0800"
    },
    "done": true
  },
  "ilikewood:recipes/tools/stone_birch_hoe": {
    "criteria": {
      "has_material": "2023-06-28 15:42:11 +0800"
    },
    "done": true
  },
  "ilikewood:recipes/combat/crimson_bow": {
    "criteria": {
      "has_string": "2023-06-28 15:43:19 +0800"
    },
    "done": true
  },
  "exnihilosequentia:recipes/exnihilosequentia/ens_blackstone_hammer": {
    "criteria": {
      "has_stick": "2023-06-28 15:45:25 +0800"
    },
    "done": true
  },
  "storagedrawers:recipes/storagedrawers/acacia_trim": {
    "criteria": {
      "has_planks": "2023-06-28 15:40:19 +0800"
    },
    "done": true
  },
  "minecraft:recipes/redstone/tripwire_hook": {
    "criteria": {
      "has_string": "2023-06-28 15:43:19 +0800"
    },
    "done": true
  },
  "ilikewood:recipes/combat/warped_bow": {
    "criteria": {
      "has_string": "2023-06-28 15:43:19 +0800"
    },
    "done": true
  },
  "minecraft:recipes/building_blocks/black_concrete_powder": {
    "criteria": {
      "has_gravel": "2023-06-28 15:41:23 +0800"
    },
    "done": true
  },
  "exnihilosequentia:recipes/exnihilosequentia/ens_wooden_crook": {
    "criteria": {
      "has_pebble": "2023-06-28 15:45:25 +0800"
    },
    "done": true
  },
  "storagedrawers:recipes/storagedrawers/crimson_trim": {
    "criteria": {
      "has_planks": "2023-06-28 15:40:19 +0800"
    },
    "done": true
  },
  "ilikewood:recipes/tools/stone_acacia_sword": {
    "criteria": {
      "has_material": "2023-06-28 15:42:11 +0800"
    },
    "done": true
  },
  "ilikewood:recipes/tools/stone_dark_oak_axe": {
    "criteria": {
      "has_material": "2023-06-28 15:42:11 +0800"
    },
    "done": true
  },
  "ilikewood:recipes/tools/mangrove_fishing_rod": {
    "criteria": {
      "has_string": "2023-06-28 15:43:19 +0800"
    },
    "done": true
  },
  "ilikewood:recipes/tools/stone_warped_shovel": {
    "criteria": {
      "has_material": "2023-06-28 15:42:11 +0800"
    },
    "done": true
  },
  "ilikewood:recipes/tools/stone_spruce_hoe": {
    "criteria": {
      "has_material": "2023-06-28 15:42:11 +0800"
    },
    "done": true
  },
  "compressium:recipes/compressium/gravel_1": {
    "criteria": {
      "has_gravel": "2023-06-28 15:41:23 +0800"
    },
    "done": true
  },
  "storagedrawers:recipes/storagedrawers/dark_oak_trim": {
    "criteria": {
      "has_planks": "2023-06-28 15:40:19 +0800"
    },
    "done": true
  },
  "compressium:recipes/compressium/gravel_2": {
    "criteria": {
      "has_compressed_gravel_x1": "2023-06-28 15:41:35 +0800"
    },
    "done": true
  },
  "minecraft:recipes/building_blocks/oak_wood": {
    "criteria": {
      "has_log": "2023-06-28 15:45:30 +0800"
    },
    "done": true
  },
  "minecraft:recipes/combat/crossbow": {
    "criteria": {
      "has_string": "2023-06-28 15:43:19 +0800"
    },
    "done": true
  },
  "ilikewood:recipes/tools/dark_oak_fishing_rod": {
    "criteria": {
      "has_string": "2023-06-28 15:43:19 +0800"
    },
    "done": true
  },
  "ilikewood:recipes/tools/stone_warped_sword": {
    "criteria": {
      "has_material": "2023-06-28 15:42:11 +0800"
    },
    "done": true
  },
  "ilikewood:recipes/tools/stone_crimson_sword": {
    "criteria": {
      "has_material": "2023-06-28 15:42:11 +0800"
    },
    "done": true
  },
  "ilikewood:recipes/combat/jungle_crossbow": {
    "criteria": {
      "has_string": "2023-06-28 15:43:19 +0800"
    },
    "done": true
  },
  "exnihilosequentia:recipes/exnihilosequentia/ens_calcite_hammer": {
    "criteria": {
      "has_stick": "2023-06-28 15:45:25 +0800"
    },
    "done": true
  },
  "ilikewood:recipes/tools/stone_crimson_shovel": {
    "criteria": {
      "has_material": "2023-06-28 15:42:11 +0800"
    },
    "done": true
  },
  "tetra:recipes/string": {
    "criteria": {
      "got_string": "2023-06-28 15:43:19 +0800"
    },
    "done": true
  },
  "compressium:recipes/building_blocks/sand_1_uncraft": {
    "criteria": {
      "has_compressed_sand_x1": "2023-06-28 15:41:28 +0800"
    },
    "done": true
  },
  "minecraft:recipes/building_blocks/red_concrete_powder": {
    "criteria": {
      "has_gravel": "2023-06-28 15:41:23 +0800"
    },
    "done": true
  },
  "ilikewood:recipes/tools/stone_crimson_pickaxe": {
    "criteria": {
      "has_material": "2023-06-28 15:42:11 +0800"
    },
    "done": true
  },
  "exnihilosequentia:recipes/exnihilosequentia/ens_nether_brick_hammer": {
    "criteria": {
      "has_stick": "2023-06-28 15:45:25 +0800"
    },
    "done": true
  },
  "ilikewood:recipes/tools/stone_mangrove_hoe": {
    "criteria": {
      "has_material": "2023-06-28 15:42:11 +0800"
    },
    "done": true
  },
  "exnihilosequentia:recipes/exnihilosequentia/ens_terracotta_hammer": {
    "criteria": {
      "has_stick": "2023-06-28 15:45:25 +0800"
    },
    "done": true
  },
  "farmersdelight:recipes/farmersdelight/flint_knife": {
    "criteria": {
      "has_stick": "2023-06-28 15:45:25 +0800"
    },
    "done": true
  },
  "minecraft:recipes/building_blocks/stone": {
    "criteria": {
      "has_cobblestone": "2023-06-28 15:42:11 +0800"
    },
    "done": true
  },
  "ilikewood:recipes/tools/oak_fishing_rod": {
    "criteria": {
      "has_string": "2023-06-28 15:43:19 +0800"
    },
    "done": true
  },
  "exnihilosequentia:recipes/exnihilosequentia/ens_red_nether_brick_hammer": {
    "criteria": {
      "has_stick": "2023-06-28 15:45:25 +0800"
    },
    "done": true
  },
  "compressium:recipes/compressium/sand_2": {
    "criteria": {
      "has_compressed_sand_x1": "2023-06-28 15:41:28 +0800"
    },
    "done": true
  },
  "ilikewood:recipes/tools/stone_birch_axe": {
    "criteria": {
      "has_material": "2023-06-28 15:42:11 +0800"
    },
    "done": true
  },
  "exnihilosequentia:recipes/exnihilosequentia/ens_deepslate_hammer": {
    "criteria": {
      "has_stick": "2023-06-28 15:45:25 +0800"
    },
    "done": true
  },
  "compressium:recipes/compressium/sand_1": {
    "criteria": {
      "has_sand": "2023-06-28 15:41:25 +0800"
    },
    "done": true
  },
  "minecraft:adventure/adventuring_time": {
    "criteria": {
      "minecraft:forest": "2023-06-28 15:39:59 +0800"
    },
    "done": false
  },
  "ilikewood:recipes/combat/jungle_bow": {
    "criteria": {
      "has_string": "2023-06-28 15:43:19 +0800"
    },
    "done": true
  },
  "exnihilosequentia:recipes/exnihilosequentia/ens_copper_hammer": {
    "criteria": {
      "has_stick": "2023-06-28 15:45:25 +0800"
    },
    "done": true
  },
  "storagedrawers:recipes/storagedrawers/one_stack_upgrade": {
    "criteria": {
      "has_template": "2023-06-28 15:40:19 +0800"
    },
    "done": true
  },
  "storagedrawers:recipes/storagedrawers/oak_trim": {
    "criteria": {
      "has_planks": "2023-06-28 15:40:19 +0800"
    },
    "done": true
  },
  "minecraft:recipes/combat/stone_sword": {
    "criteria": {
      "has_cobblestone": "2023-06-28 15:42:11 +0800"
    },
    "done": true
  },
  "minecraft:recipes/decorations/cobblestone_wall": {
    "criteria": {
      "has_cobblestone": "2023-06-28 15:42:11 +0800"
    },
    "done": true
  },
  "minecraft:recipes/tools/stone_pickaxe": {
    "criteria": {
      "has_cobblestone": "2023-06-28 15:42:11 +0800"
    },
    "done": true
  },
  "ilikewood:recipes/tools/jungle_fishing_rod": {
    "criteria": {
      "has_string": "2023-06-28 15:43:19 +0800"
    },
    "done": true
  },
  "ilikewood:recipes/tools/stone_spruce_shovel": {
    "criteria": {
      "has_material": "2023-06-28 15:42:11 +0800"
    },
    "done": true
  },
  "ilikewood:recipes/tools/stone_spruce_axe": {
    "criteria": {
      "has_material": "2023-06-28 15:42:11 +0800"
    },
    "done": true
  },
  "ilikewood:recipes/combat/spruce_crossbow": {
    "criteria": {
      "has_string": "2023-06-28 15:43:19 +0800"
    },
    "done": true
  },
  "storagedrawers:recipes/storagedrawers/drawer_key": {
    "criteria": {
      "has_template": "2023-06-28 15:40:19 +0800"
    },
    "done": true
  },
  "minecraft:recipes/decorations/cobblestone_wall_from_cobblestone_stonecutting": {
    "criteria": {
      "has_cobblestone": "2023-06-28 15:42:11 +0800"
    },
    "done": true
  },
  "ilikewood:recipes/tools/stone_acacia_hoe": {
    "criteria": {
      "has_material": "2023-06-28 15:42:11 +0800"
    },
    "done": true
  },
  "ilikewood:recipes/building_blocks/oak_planks_from_oak_log_sawmilling": {
    "criteria": {
      "has_oak_log": "2023-06-28 15:45:30 +0800"
    },
    "done": true
  },
  "ilikewood:recipes/combat/dark_oak_bow": {
    "criteria": {
      "has_string": "2023-06-28 15:43:19 +0800"
    },
    "done": true
  },
  "ilikewood:recipes/tools/stone_warped_pickaxe": {
    "criteria": {
      "has_material": "2023-06-28 15:42:11 +0800"
    },
    "done": true
  },
  "exnihilosequentia:recipes/exnihilosequentia/ens_golden_hammer": {
    "criteria": {
      "has_stick": "2023-06-28 15:45:25 +0800"
    },
    "done": true
  },
  "storagedrawers:recipes/storagedrawers/emerald_storage_upgrade": {
    "criteria": {
      "has_template": "2023-06-28 15:40:19 +0800"
    },
    "done": true
  },
  "ilikewood:recipes/tools/stone_crimson_axe": {
    "criteria": {
      "has_material": "2023-06-28 15:42:11 +0800"
    },
    "done": true
  },
  "progressthroughskies:recipes/progress_through_skies/bedrock_gravel": {
    "criteria": {
      "has_bedrock_dust": "2023-06-28 15:40:19 +0800"
    },
    "done": true
  },
  "ilikewood:recipes/tools/stone_jungle_sword": {
    "criteria": {
      "has_material": "2023-06-28 15:42:11 +0800"
    },
    "done": true
  },
  "exnihilosequentia:recipes/exnihilosequentia/ens_diamond_hammer": {
    "criteria": {
      "has_stick": "2023-06-28 15:45:25 +0800"
    },
    "done": true
  },
  "storagedrawers:recipes/storagedrawers/obsidian_storage_upgrade": {
    "criteria": {
      "has_template": "2023-06-28 15:40:19 +0800"
    },
    "done": true
  },
  "ilikewood:recipes/combat/mangrove_crossbow": {
    "criteria": {
      "has_string": "2023-06-28 15:43:19 +0800"
    },
    "done": true
  },
  "ilikewood:recipes/tools/stone_spruce_pickaxe": {
    "criteria": {
      "has_material": "2023-06-28 15:42:11 +0800"
    },
    "done": true
  },
  "ilikewood:recipes/tools/stone_spruce_sword": {
    "criteria": {
      "has_material": "2023-06-28 15:42:11 +0800"
    },
    "done": true
  },
  "storagedrawers:recipes/storagedrawers/gold_storage_upgrade": {
    "criteria": {
      "has_template": "2023-06-28 15:40:19 +0800"
    },
    "done": true
  },
  "ilikewood:recipes/tools/stone_mangrove_sword": {
    "criteria": {
      "has_material": "2023-06-28 15:42:11 +0800"
    },
    "done": true
  },
  "minecraft:recipes/decorations/soul_campfire": {
    "criteria": {
      "has_stick": "2023-06-28 15:45:25 +0800"
    },
    "done": true
  },
  "minecraft:recipes/tools/stone_axe": {
    "criteria": {
      "has_cobblestone": "2023-06-28 15:42:11 +0800"
    },
    "done": true
  },
  "compressium:recipes/building_blocks/gravel_1_uncraft": {
    "criteria": {
      "has_compressed_gravel_x1": "2023-06-28 15:41:35 +0800"
    },
    "done": true
  },
  "DataVersion": 3120
}