{"stats":{"minecraft:dropped":{"minecraft:string":5},"minecraft:custom":{"minecraft:time_since_rest":23094,"minecraft:damage_taken":50,"minecraft:walk_one_cm":6017,"minecraft:drop":1,"minecraft:crouch_one_cm":3166,"minecraft:play_time":23094,"minecraft:sneak_time":1485,"minecraft:jump":25,"minecraft:time_since_death":23094,"minecraft:total_world_time":24016,"minecraft:fall_one_cm":1076},"minecraft:picked_up":{"progressthroughskies:gravel_dust":97,"minecraft:stick":4,"integrateddynamics:on_the_dynamics_of_integration":1,"minecraft:oak_log":14,"minecraft:grass_block":9,"progressthroughskies:sand_dust":34,"minecraft:dirt":11,"exnihilosequentia:silkworm":2,"minecraft:string":5,"minecraft:apple":1,"minecraft:oak_sapling":10,"progressthroughskies:bedrock_dust":137},"minecraft:used":{"minecraft:oak_log":8,"minecraft:apple":1,"minecraft:grass_block":9,"ilikewood:oak_sawmill":1,"exnihilosequentia:stone_crook":9,"exnihilosequentia:stone_barrel":1,"minecraft:dirt":1,"progressthroughskies:bedrock_gravel":30,"minecraft:oak_sapling":3},"minecraft:mined":{"minecraft:grass_block":9,"minecraft:oak_log":14,"minecraft:oak_leaves":168,"progressthroughskies:bedrock_gravel":30},"minecraft:crafted":{"compressium:gravel_1":2,"exnihilosequentia:stone_barrel":1,"ilikewood:oak_log_pile":1,"compressium:sand_1":2,"minecraft:cobblestone":1,"exnihilosequentia:stone_crook":3,"minecraft:gravel":8,"minecraft:stone_pressure_plate":5,"minecraft:sand":8,"progressthroughskies:bedrock_gravel":34,"ilikewood:oak_sawmill":1,"progressthroughskies:rain_wand":2}},"DataVersion":3120}