{"stats":{"minecraft:used":{"exnihilosequentia:stone_crook":6,"minecraft:dirt":1,"minecraft:snow":9,"minecraft:snowball":1},"minecraft:custom":{"minecraft:jump":3,"minecraft:time_since_rest":13073,"minecraft:crouch_one_cm":1565,"minecraft:sprint_one_cm":33,"minecraft:leave_game":1,"minecraft:play_time":13073,"minecraft:time_since_death":13073,"minecraft:walk_one_cm":2404,"minecraft:sneak_time":430,"minecraft:total_world_time":38363,"minecraft:fly_one_cm":26125},"minecraft:picked_up":{"minecraft:red_sand":1},"minecraft:mined":{"minecraft:dirt":1}},"DataVersion":3120}