{"stats":{"minecraft:broken":{"woodenbucket:wooden_bucket":1,"create:sand_paper":3},"minecraft:mined":{"thermal:device_collector":2,"create:andesite_casing":6,"minecraft:grass_block":3,"cyclic:soundproofing":5,"progressthroughskies:bedrock_gravel":115,"minecraft:cobbled_deepslate":1,"cyclic:melter":2,"trashcans:ultimate_trash_can":1,"minecraft:blast_furnace":1,"minecraft:chest":5,"minecraft:cobblestone":2,"minecraft:oak_log":188,"cyclic:soundproofing_ghost":3,"minecraft:dirt":19,"minecraft:oak_leaves":1233,"immersiveengineering:workbench":1,"exnihilosequentia:infested_leaves":44,"trashcans:item_trash_can":1,"chipped:mason_table":1,"extractinator:extractinator":1,"cyclic:collector":3,"mekanism:basic_mechanical_pipe":2,"ilikewood:oak_sawmill":2,"minecraft:redstone_wire":4,"cyclic:solidifier":4,"mekanism:ultimate_mechanical_pipe":2,"minecraft:polished_deepslate":1,"mekanism:logistical_sorter":4,"minecraft:oak_slab":8,"mekanism:ultimate_fluid_tank":1,"cyclic:packager":1,"exnihilosequentia:stone_barrel":1,"tetra:basic_workbench":1,"minecraft:gravel":53,"mekanism:ultimate_logistical_transporter":13},"minecraft:dropped":{"exnihilosequentia:stone_barrel":1,"minecraft:crafting_table":1,"immersiveengineering:blueprint":1,"immersiveengineering:workbench":1,"mekanismgenerators:bio_generator":2,"trashcans:ultimate_trash_can":1,"minecraft:dirt":1,"cyclic:soundproofing_ghost":1,"trashcans:liquid_trash_can":1,"theoneprobe:probenote":1,"minecraft:amethyst_shard":3,"exmachinis:flux_compactor":1,"exnihilosequentia:cooked_silkworm":1,"progressthroughskies:bedrock_gravel":279,"minecraft:white_wool":1,"integrateddynamics:mechanical_drying_basin":1,"chiselsandbits:block_bit":706,"trashcans:item_trash_can":1,"progressthroughskies:gravel_dust":96,"minecraft:gravel":7,"minecraft:cobbled_deepslate":2,"tinyredstone:redstone_panel":2,"mekanism:ultimate_logistical_transporter":1,"cyclic:soundproofing":1,"cyclic:breaker":5,"mekanism:ultimate_mechanical_pipe":1,"occultism:chalk_gold_impure":2,"minecraft:chest":1,"create:limestone":3,"cyclic:collector":1,"mekanism:logistical_sorter":1,"cyclic:melter":1,"create:mechanical_mixer":1,"create:basin":1,"minecraft:enchanted_book":3,"morphtool:tool":3,"minecraft:oak_slab":2,"occultism:datura":1,"occultism:spirit_attuned_crystal":2,"minecraft:cobblestone":1,"thermal:device_tree_extractor":1,"extractinator:extractinator":1,"minecraft:stick":1,"minecraft:polished_andesite":2,"trashcans:energy_trash_can":1,"minecraft:gray_wool":1,"tinyredstone:tiny_redstone":1,"mekanism:ultimate_thermodynamic_conductor":1,"minecraft:paper":6,"minecraft:polished_deepslate":3,"chipped:mason_table":2,"occultism:sacrificial_bowl":2,"mekanism:configurator":1,"mekanism:dirty_dust_gold":2,"mekanism:ultimate_pressurized_tube":1,"occultism:chalk_white":1,"thermal:device_collector":3,"theoneprobe:probe":1,"woodenbucket:wooden_bucket":13,"minecraft:stone":68,"progressthroughskies:bedrock_dust":895,"minecraft:andesite":2,"minecraft:stone_pressure_plate":5,"chipped:tinkering_table":1,"occultism:chalk_white_impure":2,"mekanism:ultimate_universal_cable":1,"emendatusenigmatica:copper_bucket":1},"minecraft:custom":{"minecraft:interact_with_crafting_table":28,"minecraft:bell_ring":2,"minecraft:leave_game":72,"minecraft:time_since_death":714236,"minecraft:sprint_one_cm":404671,"minecraft:drop":156,"minecraft:talked_to_villager":2,"minecraft:play_time":1858223,"minecraft:deaths":2,"minecraft:jump":9158,"minecraft:walk_on_water_one_cm":20751,"minecraft:interact_with_furnace":30,"minecraft:sleep_in_bed":19,"minecraft:damage_dealt":4409,"minecraft:crouch_one_cm":66587,"tombstone:undead_killed":212,"tombstone:villager_killed":1,"minecraft:mob_kills":334,"minecraft:interact_with_campfire":40,"minecraft:climb_one_cm":3338,"minecraft:walk_one_cm":1851293,"minecraft:sneak_time":31349,"minecraft:walk_under_water_one_cm":6965,"minecraft:interact_with_blast_furnace":15,"minecraft:total_world_time":3147807,"tombstone:raider_killed":14,"minecraft:interact_with_stonecutter":16,"minecraft:time_since_rest":295116,"minecraft:damage_taken":1590,"minecraft:use_wand":406,"minecraft:fly_one_cm":812170,"minecraft:open_chest":109,"minecraft:fall_one_cm":294642},"minecraft:used":{"electrodynamics:batterybox":5,"cgm:machine_pistol":858,"minecraft:polished_deepslate":2,"pneumaticcraft:air_compressor":2,"cyclic:solidifier":5,"mekanism:painting_machine":1,"trashcans:item_trash_can":1,"mekanism:basic_fluid_tank":1,"minecraft:chest":13,"minecraft:stone":6,"emendatusenigmatica:copper_bucket":5,"create:haunted_bell":1,"additional_lights:al_lamp_oak_planks":5,"mekanism:basic_logistical_transporter":4,"assemblylinemachines:novasteel_sword":6,"pneumaticcraft:heat_frame":1,"create:analog_lever":9,"minecraft:white_candle":12,"immersiveengineering:craftingtable":1,"mekanismgenerators:rotational_complex":3,"minecraft:soul_sand":8,"mekanism:basic_mechanical_pipe":3,"mekanism:ultimate_pressurized_tube":6,"create:cogwheel":9,"exnihilosequentia:cooked_silkworm":25,"occultism:sacrificial_bowl":8,"occultism:chalk_gold":5,"immersiveengineering:cokebrick":27,"mekanism:chemical_injection_chamber":3,"mekanism:basic_energy_cube":5,"cgm:shotgun":174,"immersiveengineering:windmill":2,"minecraft:grass_block":3,"constructionwand:infinity_wand":31,"assemblylinemachines:electric_grinder":1,"mekanismgenerators:electromagnetic_coil":2,"electrodynamics:wireinsulatedgold":2,"chipped:wooden_cage_lantern":8,"mekanism:ultimate_crushing_factory":2,"trashcans:liquid_trash_can":1,"create:shaft":13,"occultism:chalk_white":35,"cyclic:melter":3,"cyclic:collector":5,"minecraft:oak_sapling":33,"minecraft:furnace":2,"clickmachine:auto_clicker":2,"assemblylinemachines:electric_furnace":1,"nuclearscience:electromagneticbooster":2,"cgm:heavy_rifle":68,"additional_lights:fire_pit_s_cobblestone":1,"mekanism:ultimate_mechanical_pipe":4,"additional_lights:al_torch_oak_planks":1,"powah:solar_panel_starter":1,"occultism:datura_seeds":1,"minecraft:redstone_block":1,"exnihilosequentia:stone_barrel":3,"exnihilosequentia:oak_sieve":4,"cyclic:soundproofing_ghost":3,"create:mechanical_saw":1,"cyclic:placer":1,"pneumaticcraft:thermopneumatic_processing_plant":2,"trashcans:ultimate_trash_can":1,"minecraft:sand":1,"chiselsandbits:bit_storage":1,"electrodynamics:wiregold":5,"minecraft:blast_furnace":3,"tetra:modular_double":137,"mekanism:pigment_mixer":1,"cgm:bazooka":6,"thermal:machine_pyrolyzer":4,"mob_grinding_utils:saw":1,"minecraft:lever":1,"thermal:device_tree_extractor":1,"immersiveengineering:hammer":1,"mekanism:crusher":1,"mekanism:logistical_sorter":7,"cyclic:breaker":1,"tinyredstone:redstone_wrench":6,"create:adjustable_chain_gearshift":15,"mekanism:rotary_condensentrator":2,"cgm:assault_rifle":496,"create:andesite_casing":1,"occultism:spirit_attuned_crystal":5,"minecraft:gravel":53,"ilikewood:netherite_jungle_sword":2,"minecraft:fire_charge":4,"mekanism:ultimate_logistical_transporter":37,"create:basin":3,"progressthroughskies:bedrock_gravel":116,"mekanismgenerators:solar_generator":1,"mekanism:ultimate_energy_cube":3,"create:andesite_scaffolding":44,"electrodynamics:electricarcfurnace":1,"exmachinis:flux_sieve":2,"exnihilosequentia:silkworm":1,"create:large_cogwheel":2,"create:vertical_gearbox":7,"minecraft:white_concrete":1,"chipped:carpenters_table":2,"cgm:mini_gun":1740,"mekanism:creative_chemical_tank":4,"storagedrawers:oak_full_drawers_1":6,"minecraft:netherite_sword":56,"minecraft:iron_bars":26,"chipped:tinkering_table":1,"minecraft:flint_and_steel":3,"mekanism:configurator":128,"industrialforegoing:resourceful_furnace":1,"minecraft:redstone":4,"mekanism:ultimate_injecting_factory":1,"ilikewood:oak_sawmill":3,"powah:solar_panel_nitro":1,"tinyredstone:redstone_panel":13,"gateways:gate_pearl":9,"minecraft:torch":2,"minecraft:dirt":78,"chiselsandbits:chiseledrock":1,"exmachinis:flux_compactor":1,"cgm:workbench":1,"create:mechanical_mixer":1,"chipped:wooden_cage_soul_lantern":1,"pneumaticcraft:electrostatic_compressor":3,"industrialforegoing:sludge_refiner":1,"botania:stripped_dreamwood_log":1,"cgm:rifle":42,"mekanism:osmium_compressor":1,"mekanism:ultimate_fluid_tank":2,"immersiveengineering:circuit_table":1,"minecraft:dark_oak_planks":1,"create:gearbox":1,"immersiveengineering:workbench":4,"mob_grinding_utils:rotten_egg":2,"chipped:glassblower":1,"cyclic:soundproofing":7,"extractinator:extractinator":2,"additional_lights:fire_pit_l_cobblestone":4,"additional_lights:standing_torch_s_cobblestone":3,"create:creative_motor":6,"cgm:grenade_launcher":79,"createaddition:tesla_coil":2,"create:encased_chain_drive":21,"integrateddynamics:mechanical_drying_basin":7,"dynamicelectricity:motordclv":2,"tombstone:gift":21,"minecraft:stone_pressure_plate":2,"additional_lights:standing_torch_l_cobblestone":1,"mekanism:pressurized_reaction_chamber":1,"minecraft:cobbled_deepslate":1,"thermal:device_collector":2,"create:gearshift":1,"exnihilosequentia:fired_crucible":1,"minecraft:water_bucket":13,"additional_lights:al_lamp_cobblestone":4,"electrodynamics:windmill":1,"cgm:pistol":59,"mekanism:ultimate_universal_cable":18,"mekanismgenerators:bio_generator":3,"cgm:stun_grenade":45,"assemblylinemachines:galactic_flesh":2,"exnihilosequentia:stone_crook":103,"integrateddynamics:drying_basin":1,"minecraft:stonecutter":2,"mekanism:chemical_infuser":1,"minecraft:polished_blackstone_pressure_plate":1,"electrodynamics:wiremilltriple":1,"create:encased_fan":7,"chipped:mason_table":2,"minecraft:oak_slab":927,"minecraft:crafting_table":6,"electrodynamics:electricfurnace":2,"minecraft:white_bed":1,"minecraft:campfire":5,"occultism:datura":1,"botania:apothecary_default":1,"mekanism:creative_energy_cube":1,"minecraft:oak_log":38,"minecraft:mud":1,"createaddition:alternator":1,"minecraft:apple":20,"cgm:grenade":18,"create:water_wheel":1,"create:large_water_wheel":10,"occultism:candle_white":16,"thermal:machine_crafter":1,"minecraft:cobblestone":4,"chipped:cobbled_blackstone":2,"minecraft:bucket":12,"occultism:golden_sacrificial_bowl":2,"cyclic:packager":2,"create:hand_crank":2,"minecraft:smooth_stone":1},"minecraft:crafted":{"mekanism:configurator":1,"mekanism:ultimate_mechanical_pipe":2,"minecraft:sand":26,"tinygates:tiny_clock":1,"minecraft:stone":67,"ilikewood:oak_sawmill":1,"mekanism:logistical_sorter":2,"tinyredstone:tiny_lever":2,"immersiveengineering:workbench":1,"exnihilosequentia:stone_barrel":1,"cyclic:melter":2,"trashcans:ultimate_trash_can":1,"minecraft:glass":17,"tinyredstone:tiny_comparator":1,"occultism:brush":1,"mekanism:ultimate_logistical_transporter":1,"mekanism:ultimate_universal_cable":1,"exnihilosequentia:stone_crook":4,"minecraft:stone_pressure_plate":45,"tinyredstone:tiny_redstone":84,"minecraft:chest":8,"create:cogwheel":1,"extractinator:extractinator":1,"chipped:mason_table":1,"mekanism:ultimate_pressurized_tube":1,"minecraft:oak_slab":12,"ilikewood:oak_post":3,"minecraft:crafting_table":5,"tinyredstone:redstone_wrench":1,"minecraft:gravel":27,"create:piston_extension_pole":1,"progressthroughskies:bedrock_gravel":174,"storagedrawers:oak_full_drawers_1":1,"create:sand_paper":1,"minecraft:campfire":1,"chipped:carpenters_table":1,"create:gearbox":1,"minecraft:dispenser":1,"minecraft:paper":6,"woodenbucket:wooden_bucket":6,"minecraft:fire_charge":1,"cyclic:hopper":1,"morphtool:tool":3,"minecraft:redstone":2,"tinygates:tiny_counter":1,"minecraft:cobbled_deepslate":40,"tinyredstone:redstone_panel":33,"minecraft:furnace":1,"minecraft:blast_furnace":1,"minecraft:light_gray_wool":4,"cyclic:solidifier":1,"progressthroughskies:rain_wand":3,"exnihilosequentia:oak_sieve":1,"tinyredstone:tiny_repeater":1,"chipped:tinkering_table":1,"tinyredstone:tiny_solid_block":9,"tetra:modular_double":3,"compressium:gravel_1":2,"trashcans:liquid_trash_can":1,"minecraft:air":197,"ilikewood:oak_log_pile":2,"compressium:sand_1":2,"create:whisk":1,"minecraft:cobblestone":1,"create:andesite_scaffolding":10,"storagedrawers:void_upgrade":1,"compressium:cobblestone_1":2,"thermal:device_tree_extractor":2,"minecraft:dark_oak_log":32,"minecraft:stonecutter":1,"minecraft:white_bed":1,"mekanism:ultimate_thermodynamic_conductor":1,"create:shaft":9,"tinyredstone:tiny_redstone_torch":1,"chipped:glassblower":1,"exnihilosequentia:string_mesh":1},"minecraft:picked_up":{"minecraft:lead":2,"minecraft:polished_deepslate":3,"minecraft:string":172,"quark:paper_wall_big":2,"create:limestone":3,"minecraft:cobbled_deepslate":1,"clickmachine:auto_clicker":1,"mekanism:ultimate_mechanical_pipe":2,"mekanism:logistical_sorter":4,"additional_lights:fire_pit_l_cobblestone":4,"minecraft:stick":46,"minecraft:torch":1,"create:andesite_casing":6,"tinyredstone:tiny_super_repeater":1,"tinyredstone:redstone_panel":24,"tombstone:grave_dust":20,"gateways:gate_pearl":1,"woodenbucket:wooden_bucket":13,"minecraft:rotten_flesh":392,"ilikewood:oak_sawmill":2,"occultism:datura":2,"minecraft:blaze_rod":175,"exnihilosequentia:stone_crook":1,"minecraft:cobblestone":100,"emendatusenigmatica:copper_shard":20,"occultism:golden_sacrificial_bowl":1,"occultism:datura_seeds":7,"minecraft:feather":4,"minecraft:andesite":68,"minecraft:potato":4,"tinyredstone:tiny_lever":2,"exnihilosequentia:string_mesh":1,"minecraft:flint":3,"trashcans:item_trash_can":1,"minecraft:dirt":113,"create:encased_chain_drive":1,"minecraft:leather_boots":1,"minecraft:bone":13,"occultism:chalk_white_impure":3,"emendatusenigmatica:gold_dirty_dust":1,"trashcans:ultimate_trash_can":1,"cyclic:soundproofing":5,"immersiveengineering:blueprint":4,"integrateddynamics:mechanical_drying_basin":2,"mekanism:ultimate_fluid_tank":1,"tetra:modular_double":1,"immersiveengineering:connector_redstone":1,"minecraft:grass_block":3,"tinygates:tiny_clock":3,"exnihilosequentia:silkworm":39,"progressthroughskies:sand_dust":110,"minecraft:bundle":1,"mekanism:basic_mechanical_pipe":2,"mekanism:bio_fuel":349,"tombstone:familiar_stone":1,"mekanism:dirty_dust_gold":1,"minecraft:oak_sapling":103,"pneumaticcraft:heat_frame":1,"minecraft:nether_star":1,"tinyredstone:tiny_comparator":4,"minecraft:crafting_table":1,"occultism:chalk_white":2,"minecraft:chicken":2,"minecraft:clay_ball":90,"cyclic:collector":3,"cyclic:melter":2,"electrodynamics:windmill":1,"cyclic:soundproofing_ghost":3,"immersiveengineering:workbench":1,"minecraft:chest":6,"chipped:mason_table":1,"minecraft:stone":1,"occultism:chalk_gold":2,"emendatusenigmatica:raw_copper_block":3,"create:hand_crank":1,"minecraft:carrot":1,"minecraft:redstone":135,"minecraft:stone_pressure_plate":16,"minecraft:arrow":7,"mekanism:ultimate_logistical_transporter":14,"tombstone:essence_of_undeath":1,"extractinator:extractinator":1,"cyclic:breaker":3,"minecraft:white_wool":5,"progressthroughskies:bedrock_dust":1740,"integrateddynamics:on_the_dynamics_of_integration":1,"minecraft:leather":4,"thermal:device_collector":2,"minecraft:oak_log":188,"minecraft:gunpowder":12,"minecraft:paper":6,"occultism:candle_white":3,"progressthroughskies:bedrock_gravel":122,"minecraft:apple":12,"tinyredstone:tiny_piston":1,"minecraft:iron_ingot":5,"create:analog_lever":1,"tombstone:bag_of_seeds":1,"minecraft:glass_bottle":1,"minecraft:soul_sand":1,"minecraft:oak_slab":90,"progressthroughskies:gravel_dust":444,"chiselsandbits:chiseledrock":1,"chipped:cobbled_blackstone":2,"occultism:sacrificial_bowl":5,"tinyredstone:tiny_redstone_torch":4,"cyclic:solidifier":4,"minecraft:gravel":64,"tinyredstone:tiny_repeater":1,"minecraft:amethyst_shard":6,"minecraft:blast_furnace":1,"occultism:spirit_attuned_crystal":2,"minecraft:spider_eye":5,"exnihilosequentia:cooked_silkworm":28,"morphtool:tool":3,"tinyredstone:tiny_redstone":63,"minecraft:slime_ball":2,"cyclic:packager":2,"immersiveengineering:wirecoil_redstone":1,"minecraft:gray_wool":1,"tombstone:magic_scroll":2,"minecraft:ender_pearl":2},"minecraft:killed":{"minecraft:witch":14,"minecraft:spider":18,"minecraft:skeleton":20,"minecraft:chicken":2,"minecraft:skeleton_horse":4,"minecraft:zombie_villager":31,"minecraft:creeper":20,"minecraft:trader_llama":2,"minecraft:zombie":121,"minecraft:blaze":50,"minecraft:slime":8,"minecraft:husk":36,"minecraft:wandering_trader":1,"minecraft:enderman":3}},"DataVersion":3120}