{
  "mekanism:root": {
    "criteria": {
      "automatic": "2023-07-20 20:51:08 +0800"
    },
    "done": true
  },
  "electrodynamics:electrodynamics/guidebook": {
    "criteria": {
      "spawn": "2023-07-20 20:51:26 +0800"
    },
    "done": true
  },
  "farmersdelight:main/root": {
    "criteria": {
      "seeds": "2023-07-20 20:51:26 +0800"
    },
    "done": true
  },
  "compactvoidminers:void_pump": {
    "criteria": {
      "void_pump": "2023-07-20 20:51:26 +0800"
    },
    "done": true
  },
  "create:root": {
    "criteria": {
      "0": "2023-07-20 20:51:26 +0800"
    },
    "done": true
  },
  "modonomicon:modonomicon/root": {
    "criteria": {
      "modonomicon_present": "2023-07-20 20:51:26 +0800"
    },
    "done": true
  },
  "simplyswords:grant_book_on_first_join": {
    "criteria": {
      "tick": "2023-07-20 20:51:26 +0800"
    },
    "done": true
  },
  "tombstone:adventure/root": {
    "criteria": {
      "auto": "2023-07-20 20:51:27 +0800"
    },
    "done": true
  },
  "minecraft:story/form_obsidian": {
    "criteria": {
      "obsidian": "2023-07-20 22:09:01 +0800"
    },
    "done": true
  },
  "occultism:occultism/root": {
    "criteria": {
      "occultism_present": "2023-07-20 20:51:26 +0800"
    },
    "done": true
  },
  "minecraft:adventure/adventuring_time": {
    "criteria": {
      "minecraft:beach": "2023-07-20 20:51:44 +0800",
      "minecraft:dark_forest": "2023-07-20 20:52:14 +0800",
      "minecraft:river": "2023-07-20 20:51:27 +0800"
    },
    "done": false
  },
  "DataVersion": 3120
}