{"stats":{"minecraft:picked_up":{"minecraft:red_sand":1},"minecraft:used":{"progressthroughskies:dusted_bedrock":1,"powah:charged_snowball":5,"minecraft:dirt":1,"minecraft:snow":10,"minecraft:flint_and_steel":12,"minecraft:ice":2,"exnihilosequentia:stone_crook":6,"minecraft:snowball":1,"exnihilosequentia:stone_barrel":1,"minecraft:obsidian":14},"minecraft:custom":{"minecraft:time_since_rest":38110,"minecraft:crouch_one_cm":3576,"minecraft:sprint_one_cm":33,"minecraft:play_time":38110,"minecraft:walk_one_cm":10981,"minecraft:sneak_time":959,"minecraft:jump":68,"minecraft:leave_game":3,"minecraft:time_since_death":38110,"minecraft:total_world_time":101146,"minecraft:fly_one_cm":26125},"minecraft:crafted":{"minecraft:snow_block":4,"minecraft:ice":1},"minecraft:mined":{"minecraft:dirt":1,"minecraft:ice":1}},"DataVersion":3120}