{"stats":{"minecraft:mined":{"tetra:basic_workbench":1,"minecraft:fire":1,"minecraft:grass_block":4,"minecraft:oak_log":43,"minecraft:gravel":8,"minecraft:oak_leaves":162,"exnihilosequentia:infested_leaves":46,"progressthroughskies:bedrock_gravel":33},"minecraft:custom":{"minecraft:time_since_rest":10840,"minecraft:damage_taken":150,"minecraft:walk_one_cm":11633,"minecraft:crouch_one_cm":4809,"minecraft:play_time":24209,"minecraft:interact_with_campfire":4,"minecraft:sneak_time":1980,"minecraft:jump":42,"minecraft:time_since_death":24209,"minecraft:sleep_in_bed":1,"minecraft:total_world_time":25889,"minecraft:fall_one_cm":807},"minecraft:picked_up":{"progressthroughskies:gravel_dust":101,"minecraft:stick":5,"minecraft:crafting_table":1,"minecraft:gravel":6,"minecraft:flint":1,"minecraft:oak_log":43,"minecraft:grass_block":4,"exnihilosequentia:cooked_silkworm":4,"progressthroughskies:sand_dust":39,"minecraft:dirt":5,"exnihilosequentia:silkworm":36,"minecraft:string":178,"minecraft:apple":2,"minecraft:oak_sapling":13,"progressthroughskies:bedrock_dust":164,"minecraft:white_wool":2},"minecraft:crafted":{"compressium:gravel_1":4,"exnihilosequentia:stone_barrel":1,"ilikewood:oak_log_pile":1,"compressium:sand_1":2,"ilikewood:oak_post":1,"minecraft:cobblestone":1,"exnihilosequentia:stone_crook":3,"minecraft:gravel":24,"minecraft:stone_pressure_plate":5,"minecraft:sand":9,"progressthroughskies:bedrock_gravel":41,"woodenbucket:wooden_bucket":1,"minecraft:white_bed":1,"minecraft:light_gray_wool":2,"ilikewood:oak_sawmill":1,"minecraft:campfire":1,"tetra:modular_double":1,"tetra:basic_workbench":1,"progressthroughskies:rain_wand":2},"minecraft:used":{"minecraft:oak_log":18,"minecraft:grass_block":4,"ilikewood:oak_sawmill":1,"exnihilosequentia:stone_crook":50,"minecraft:gravel":8,"exnihilosequentia:stone_barrel":1,"minecraft:dirt":1,"minecraft:cobblestone":10,"progressthroughskies:bedrock_gravel":33,"minecraft:oak_sapling":6,"exnihilosequentia:cooked_silkworm":4,"tetra:modular_double":1,"tetra:basic_workbench":1,"minecraft:campfire":1,"minecraft:white_bed":1,"exnihilosequentia:silkworm":2}},"DataVersion":3120}