{"stats":{"minecraft:dropped":{"minecraft:pink_concrete":6,"ilikewood:oak_post":1,"exnihilosequentia:infested_leaves":1,"exnihilosequentia:crushed_diorite":1,"cyclic:generator_item":1,"cyclic:generator_solar":1,"progressthroughskies:rain_wand":1,"minecraft:white_bed":3,"ilikewood:oak_sawmill":2,"cyclic:hopper":2,"minecraft:stick":1,"exnihilosequentia:string_mesh":1,"minecraft:light_gray_bed":2,"tetra:modular_double":1,"minecraft:campfire":1,"minecraft:string":130,"immersiveengineering:watermill":1,"thermal:device_nullifier":1},"minecraft:custom":{"minecraft:interact_with_loom":1,"minecraft:interact_with_campfire":12,"minecraft:time_since_death":169809,"minecraft:sleep_in_bed":3,"minecraft:time_since_rest":42930,"minecraft:sprint_one_cm":146,"minecraft:walk_one_cm":54048,"minecraft:damage_taken":210,"minecraft:drop":27,"minecraft:fly_one_cm":469,"minecraft:crouch_one_cm":7087,"minecraft:play_time":169809,"minecraft:sneak_time":4514,"minecraft:jump":271,"minecraft:total_world_time":171853,"minecraft:fall_one_cm":8511},"minecraft:picked_up":{"cyclic:generator_item":1,"integrateddynamics:on_the_dynamics_of_integration":1,"minecraft:oak_log":39,"minecraft:string":171,"minecraft:dirt":8,"cyclic:melter":1,"minecraft:apple":1,"minecraft:pink_concrete":3,"progressthroughskies:gravel_dust":182,"thermal:device_nullifier":1,"minecraft:stick":7,"cyclic:solidifier":2,"minecraft:grass_block":4,"minecraft:white_bed":1,"exnihilosequentia:crushed_diorite":1,"exnihilosequentia:silkworm":73,"progressthroughskies:sand_dust":73,"exnihilosequentia:cooked_silkworm":10,"cyclic:generator_solar":3,"minecraft:light_gray_bed":1,"ilikewood:oak_sawmill":1,"minecraft:oak_sapling":41,"cyclic:hopper":1,"progressthroughskies:bedrock_dust":419,"minecraft:white_wool":2},"minecraft:mined":{"minecraft:white_bed":1,"minecraft:grass_block":4,"ilikewood:oak_sawmill":1,"cyclic:generator_solar":3,"cyclic:solidifier":2,"exnihilosequentia:crushed_diorite":1,"progressthroughskies:bedrock_gravel":69,"cyclic:generator_item":1,"cyclic:melter":1,"minecraft:oak_log":43,"thermal:device_nullifier":1,"minecraft:oak_leaves":270,"exnihilosequentia:infested_leaves":55,"minecraft:tripwire":1},"minecraft:crafted":{"compressium:gravel_1":7,"ilikewood:oak_post":1,"minecraft:gravel":30,"progressthroughskies:bedrock_gravel":88,"minecraft:sand":17,"minecraft:light_gray_wool":1,"ilikewood:oak_sawmill":1,"minecraft:campfire":1,"progressthroughskies:rain_wand":3,"exnihilosequentia:oak_sieve":1,"exnihilosequentia:stone_barrel":1,"ilikewood:oak_log_pile":1,"compressium:sand_1":4,"minecraft:cobblestone":1,"exnihilosequentia:stone_crook":4,"minecraft:stone_pressure_plate":5,"minecraft:white_bed":2,"tetra:modular_double":1,"exnihilosequentia:string_mesh":1},"minecraft:used":{"cyclic:solidifier":3,"ilikewood:oak_sawmill":2,"exnihilosequentia:stone_crook":59,"exnihilosequentia:oak_sieve":1,"exnihilosequentia:stone_barrel":1,"minecraft:dirt":4,"thermal:device_nullifier":1,"minecraft:loom":1,"exnihilosequentia:cooked_silkworm":7,"minecraft:campfire":1,"minecraft:white_bed":2,"cyclic:fluid_pipe":2,"cyclic:generator_solar":3,"exnihilosequentia:crushed_diorite":1,"minecraft:oak_log":14,"minecraft:apple":1,"minecraft:grass_block":4,"minecraft:string":1,"cyclic:generator_item":1,"minecraft:cobblestone":8,"progressthroughskies:bedrock_gravel":69,"cyclic:melter":2,"minecraft:oak_sapling":8,"exnihilosequentia:silkworm":1}},"DataVersion":3120}